date,temp_med_41007,temp_med_41008,temp_med_41009,temp_med_41010,temp_med_41020
2010-01-17,22.590862423280424,24.215022558495004,26.254771329805994,24.490762841904765,25.7466704664903
2010-01-24,22.20349381904762,23.67898901763668,25.70329782010582,24.058085013333336,25.295978486772487
2010-01-31,21.876530057142855,23.25875675837742,25.18147543915344,23.552341588571434,24.767102952380952
2010-02-07,23.129555866666664,24.60681388536155,26.609678708994707,24.848584777142857,26.17175609259259
2010-02-14,23.234814285714283,24.726156328042332,26.633063894179895,24.842951358095238,26.12648346825397
2010-02-21,23.42938758412698,24.89110869488536,26.681602317460317,24.971910095238098,26.17510883862434
2010-02-28,21.898585885714283,23.280732296296296,25.101979502645502,23.493556140952382,24.762064015873012
2010-03-07,21.54043218095238,23.07222643915344,25.11045986243386,23.37518686857143,24.83331131216931
2010-03-14,21.01115365714286,22.646816119929454,24.865550164021162,23.252057159999996,24.837972735449735
2010-03-21,21.199618193650796,22.853164469135802,25.067365116402115,23.471211350476192,24.939248137566135
2010-03-28,20.969161644444444,22.42296735273369,24.515107068783067,23.166695285714287,24.51473083333333
2010-04-04,21.009247780952382,22.507801276895943,24.659999746031747,23.120173440000002,24.508455097883598
2010-04-11,19.146203739682537,20.610959222222224,22.792456962962962,21.334951982857145,22.862211367724868
2010-04-18,18.8110566,20.32749050617284,22.530998682539686,21.02719951047619,22.58513241005291
2010-04-25,17.955294171428573,19.333808559082893,21.57294464021164,20.313279066666666,21.85305053968254
2010-05-02,18.16318592063492,19.50081135802469,21.711581714285714,20.596165396190475,22.037141116402115
2010-05-09,17.00043734761905,18.20005433068783,20.39357738095238,19.465695833333335,20.81347557936508
2010-05-16,15.17895701746032,16.261312541446205,18.103676042328043,17.229272643809523,18.399227564814815
2010-05-23,14.389459747619048,15.341260472663139,16.878439412698413,16.047862967619047,16.99085705820106
2010-05-30,14.045716415873017,15.049071880070548,16.496855391534393,15.607858859999999,16.577569933862435
2010-06-06,13.58820885936508,14.616175852733685,16.10672612962963,15.255444984761903,16.219788317460317
2010-06-13,12.87501658952381,14.13213457319224,16.04939333068783,14.912430063809522,16.179618720899473
2010-06-20,13.70608110063492,14.99421293738977,17.05428838888889,15.86429383142857,17.09203348015873
2010-06-27,14.922287042857143,16.24400326102293,18.542843134920634,17.402190500952383,18.756603747354497
2010-07-04,16.173610973015872,17.525097793650797,19.768851055555555,18.669434416190473,19.99229873412698
2010-07-11,15.902367314285714,17.31086273897707,19.617860843915345,18.48056295142857,19.930430038359788
2010-07-18,13.661656041587301,14.974253982186946,16.909761873544976,16.025646339999998,17.2237572015873
2010-07-25,13.201089940000001,14.017977658201056,15.521369918518518,15.265335558095238,16.091390833862434
2010-08-01,12.866525976507937,13.529760980952382,14.83049574920635,14.923773163809523,15.605866345767195
2010-08-08,13.274748939682539,13.80395825255732,15.25999078042328,15.310092273142857,15.989204528306876
2010-08-15,12.872382653333334,13.722930959611993,15.377509015873017,15.112412853142859,15.98578867910053
2010-08-22,12.592040018412698,13.67546096931217,15.468029822751324,14.806601463619048,15.84725066851852
2010-08-29,16.045726154920633,17.483996829276894,19.451684166666666,18.455742164761904,19.73637216534392
2010-09-05,17.726558584126987,19.126615558201056,21.00222598941799,20.12863791142857,21.437648876984127
2010-09-12,18.6930041968254,20.059769950617284,21.911201706349203,21.02396681904762,22.270124939153437
2010-09-19,17.75425046190476,18.84885740388007,20.606182044973547,19.947536891428573,21.108576936507937
2010-09-26,17.656792592063493,18.893381216931214,20.890958873015872,19.942281384761905,21.199609227513225
2010-10-03,17.56718386507936,18.56300404761905,20.217630402116402,19.605297910476192,20.631368817460316
2010-10-10,17.094117436507936,18.346140379188714,20.068659084656087,19.123623291428572,20.237231722222223
2010-10-17,16.94094157936508,18.21282757319224,19.9944183968254,18.81984042857143,20.02799410582011
2010-10-24,17.18586640952381,18.54766923985891,20.60220277248677,19.25153782285714,20.62723361640212
2010-10-31,17.908685122222224,19.190879532627864,21.24456516402116,19.99731332190476,21.380758399470903
2010-11-07,18.174679192063493,19.46656639329806,21.428227735449735,20.331627306666668,21.622889666666666
2010-11-14,18.448274333333334,19.78142096472663,21.84283519047619,20.71459081904762,22.08581394973545
2010-11-21,18.798220685714288,20.181701924162258,22.187279925925925,21.05125498857143,22.34973253174603
2010-11-28,19.717408361904763,20.984219257495592,22.89988688888889,21.819538624761904,22.999836436507934
2010-12-05,20.271214358730155,21.53178314814815,23.38503453968254,22.212046240000003,23.425609859788363
2010-12-12,20.942809958730155,22.23465366137566,24.236901063492066,22.86950740190476,24.192385526455027
2010-12-19,20.208113893650793,21.69255945855379,23.74878725396825,22.179851256190474,23.58192001058201
2010-12-26,20.84480254126984,22.37248897530864,24.29144295238095,22.692094237142857,23.928344920634924
2011-01-02,21.136855131746028,22.638808850088182,24.40776137566138,22.843732404761905,24.012864375661376
2011-01-09,22.427801104761908,23.84956907936508,25.69328458201058,24.033174611428574,25.287771391534392
2011-01-16,22.42641598095238,23.913118324514993,25.91472134920635,24.119526213333334,25.4816487037037
2011-01-23,22.37350097142857,23.863124299823635,25.8665713015873,24.05041170476191,25.389424862433867
2011-01-30,22.67340017777778,24.112992232804235,26.006049015873014,24.296216285714284,25.53876995238095
2011-02-06,22.620656130158732,24.027126197530862,25.872632915343917,24.229343881904764,25.46154395767196
2011-02-13,22.522749206349204,23.834016234567898,25.57225592063492,23.943519927619047,25.108460560846563
2011-02-20,22.11239318730159,23.496958178130512,25.314943402116402,23.685931937142858,24.918160642857146
2011-02-27,22.108887365079365,23.376949123456786,25.160448507936508,23.75644206095238,24.989670531746032
2011-03-06,21.84512563174603,23.35167472663139,25.25477299470899,23.799236969523808,25.078674571428575
2011-03-13,21.670565066666665,23.184467858906526,25.081282936507936,23.599945255238097,24.85781406349206
2011-03-20,21.477722765079363,23.069626557319225,25.00642176190476,23.480620426666665,24.698708886243384
2011-03-27,21.945908717460316,23.44560928924162,25.382912793650792,23.92241523809524,25.1284376005291
2011-04-03,21.318131815873016,22.81107793650794,24.738320793650797,23.362705154285717,24.550485796296297
2011-04-10,20.267757,21.83988679541446,23.87682482010582,22.41517580380952,23.673818283068783
2011-04-17,19.276949693650796,20.76587424867725,22.850274857142853,21.404742411428572,22.712810407407407
2011-04-24,19.190624885714286,20.616525268077602,22.735358248677247,21.354290883809522,22.743612415343915
2011-05-01,18.745559147619048,20.064286800705464,22.080811031746034,20.647138737142857,22.004918391534392
2011-05-08,17.30775221746032,18.50952999294532,20.41590121164021,19.135519146666667,20.454118802910056
2011-05-15,16.76388612698413,17.99377148324515,19.942258190476192,18.631273986666667,19.90588830026455
2011-05-22,15.609376411111109,16.94804525132275,19.062457724867727,17.63958633809524,19.015272894179894
2011-05-29,15.619483620634922,17.088291561728393,19.297844383597887,17.802622588571428,19.249131199735448
2011-06-05,13.482537174285715,15.002925656084656,17.32977726984127,15.769460377142856,17.316752314814817
2011-06-12,12.631410791746033,14.045224500881835,16.312263878306876,14.940689088571427,16.448643015873017
2011-06-19,12.759908463174604,14.291774024691358,16.694798314814815,15.099544015238095,16.699504246031747
2011-06-26,14.335822053968252,15.727937806878307,17.908560407407407,16.488493622857145,17.8493405515873
2011-07-03,13.682307016825396,14.835047665961199,16.722408713227512,15.592670773333333,16.668837226455025
2011-07-10,11.337295725396826,12.29445262945326,14.100029989417989,13.45400170857143,14.387823174338626
2011-07-17,11.931316003174603,12.918359961022924,14.771960185185184,14.10322721904762,15.106907018253969
2011-07-24,13.985594775238093,15.100088016402117,16.872836202116403,16.253272919047618,17.252798233597886
2011-07-31,16.722514487301588,17.9963956031746,19.730361238095238,18.835436823809527,19.85848291798942
2011-08-07,14.25771754031746,15.49500559664903,17.12565271428571,16.222852223619046,17.1610106484127
2011-08-14,15.393663375238097,16.904811875308642,18.896715296296293,17.66975393504762,18.861631785978833
2011-08-21,14.749797048888889,16.113581858730157,18.019825888359787,16.783113276190477,17.894028784391534
2011-08-28,16.210642500952382,17.6184904058201,19.4855923063492,18.42857676304762,19.54480420873016
2011-09-04,15.18829108031746,16.478040319400353,18.38948978253968,17.357962394476193,18.534737251058203
2011-09-11,15.57265418761905,16.950890783950616,18.86795026984127,17.991494743809522,19.16730007804233
2011-09-18,16.240336612698414,17.840091126984124,20.018716825396822,18.821241733333334,20.230146124338628
2011-09-25,16.50272245238095,18.071217522045856,20.06776703174603,18.991565395238098,20.26902210846561
2011-10-02,17.677041326984128,19.300263804232802,21.383761275132272,20.149990815238095,21.589279746031746
2011-10-09,18.64511200952381,20.16201369664903,22.16866043386243,20.968375920000003,22.36389536507936
2011-10-16,19.80217007936508,21.27748562786596,23.203323285714287,21.926753887619046,23.28528024867725
2011-10-23,19.72758861904762,21.25560492239859,23.263015005291,21.80088900761905,23.197001917989414
2011-10-30,19.104156853968252,20.56164391005291,22.677970095238095,21.218858380952383,22.643004293650794
2011-11-06,18.342805466666665,19.86136656084656,22.188269116402115,20.549496883809525,22.14499024603175
2011-11-13,18.947697285714284,20.36504731216931,22.550625185185183,21.02116477904762,22.58103544444445
2011-11-20,18.767704438095237,20.304779522045852,22.461577407407404,20.79911985142857,22.3700937989418
2011-11-27,19.82748471111111,21.290297758377424,23.320355560846554,21.792703481904766,23.215528280423282
2011-12-04,19.766472650793652,21.236393204585536,23.332877269841266,21.86280905142857,23.205307822751323
2011-12-11,20.95746364126984,22.29780548148148,24.202074650793648,22.843287994285717,24.057787060846564
2011-12-18,20.680429866666667,22.207162056437387,24.249361671957672,22.650451632380953,24.000110492063495
2011-12-25,21.323588069841268,23.036176788359786,25.130315571428568,23.275561154285715,24.742970119047623
2012-01-01,21.318260488888885,23.236736144620806,25.606778042328042,23.548956179047618,25.109769156084656
2012-01-08,22.050140555555554,24.098481109347443,26.575846798941797,24.449875026666664,25.97793708994709
2012-01-15,21.804961438095233,23.763716038800705,26.14078646560846,24.043153108571428,25.408978005291004
2012-01-22,22.21499227301587,24.07336101410935,26.30327751322751,24.145282944761902,25.451689243386244
2012-01-29,21.89474820952381,23.624082162257494,25.719831698412694,23.546986794285715,24.836974325396824
2012-02-05,22.690065682539682,24.372337005291,26.421822613756614,24.232337811428568,25.567476936507934
2012-02-12,23.167028806349208,24.833857555555554,26.75682932275132,24.741113424761902,26.05931218518519
2012-02-19,24.06533967301587,25.79702268253968,27.568814095238093,25.575449731428574,26.851687605820103
2012-02-26,23.294130790476192,24.948330349206348,26.661051005291,24.796590127619044,26.018225886243386
2012-03-04,22.70129730793651,24.14874042857143,25.84899367195767,24.171834321904765,25.35154082010582
2012-03-11,22.841369295238096,24.19902097707231,25.920023021164017,24.259284304761906,25.536196193121693
2012-03-18,22.89043097777778,24.36589439329806,26.13046503174603,24.467458139047622,25.827825748677252
2012-03-25,22.33084722222222,24.026331132275132,25.81951642328042,24.09393884571429,25.510880526455026
2012-04-01,19.89605625238095,21.428429447089943,23.194809100529096,21.84843188857143,23.113334335978838
2012-04-08,19.13434353174603,20.568242748677246,22.38781833333333,21.149507160952382,22.478913883597883
2012-04-15,19.177111833333335,20.479251233686067,22.198648661375657,21.073287640952383,22.37733861375661
2012-04-22,19.69471191746032,21.038448275132275,22.78039312169312,21.58504320571429,22.966628272486773
2012-04-29,18.502324815873017,19.666569978835977,21.31502548677248,20.363414782857145,21.61313362830688
2012-05-06,16.34904851015873,17.499598164902995,19.20953086243386,18.19015031904762,19.443146686507934
2012-05-13,15.50634041015873,16.719784500881833,18.62406542328042,17.52844585809524,18.855492128306878
2012-05-20,14.98971168952381,16.39050934920635,18.446574968253966,17.06114347142857,18.492086656084656
2012-05-27,15.277597582539684,16.750551746031743,18.89284953968254,17.463648318095238,18.922786379629628
2012-06-03,15.630871768253968,17.03158461728395,19.175539931216928,17.818095102857143,19.190473752645502
2012-06-10,13.829395380000001,14.894245360493827,17.00855579100529,16.093353101904764,17.325776338624337
2012-06-17,14.319445662539684,15.472038818165785,17.755541082010577,16.739849993333337,18.0707424510582
2012-06-24,13.277877589523811,14.298223722045854,16.25794322486772,15.381662371428575,16.578152078042326
2012-07-01,15.545182682539684,16.949042118165785,18.93888844444444,17.582848134285715,18.857104595238095
2012-07-08,15.008516109206349,16.18101222239859,17.91337208201058,16.879354480952383,17.907127035714286
2012-07-15,13.942419912698412,15.156603536684301,17.12681655291005,16.125172573333337,17.247157466931217
2012-07-22,12.158059713968255,13.223207102821869,15.17390464285714,14.30009074857143,15.41624026058201
2012-07-29,12.969538817460318,13.938617053262789,15.863565306878305,15.263868201904765,16.352629317460316
2012-08-05,15.169795433015873,16.31096981657848,18.165607037037034,17.52437766666667,18.575656753968257
2012-08-12,17.67273928888889,18.975966564373902,20.90567564550264,20.231214855238097,21.334930203703703
2012-08-19,18.04027279047619,19.656270645502648,21.83192353439153,20.71941870857143,22.074381216931215
2012-08-26,18.461941326984128,19.95990179100529,22.154611526455025,21.138785673333334,22.462313255291004
2012-09-02,17.42511790952381,18.630694074074075,20.613154277777774,19.882471760952384,21.033103407407406
2012-09-09,18.28616669047619,19.507451333333332,21.48559356349206,20.83379938952381,21.982468962962965
2012-09-16,18.823413366666667,20.101191917989418,22.087816809523805,21.503217085714287,22.709609787037035
2012-09-23,19.644219225396824,21.155031029982364,23.307109783068782,22.525411175238094,23.88497015608466
2012-09-30,17.4401171015873,18.89813984391534,21.05220876190476,20.139713330476194,21.47478111375661
2012-10-07,17.683397984126984,19.241804313051144,21.421648026455028,20.30178782380953,21.656784820105823
2012-10-14,18.31653574920635,19.981573888007052,22.206078947089946,21.061542020000005,22.371180605820104
2012-10-21,20.117746473015874,21.72850505996473,23.75838077248677,22.792421567619048,24.023097145502646
2012-10-28,19.590692558730158,21.141265837742505,23.35501232275132,22.263109971428573,23.642659328042328
2012-11-04,20.118914714285715,21.494750499118165,23.67164448148148,22.500945361904765,24.01423505026455
2012-11-11,20.900233787301588,22.27891426102293,24.516093227513224,23.059390883809527,24.62014648941799
2012-11-18,21.20166639047619,22.668027668430337,24.889928444444447,23.24222184,24.845674997354497
2012-11-25,21.696187834920636,23.195042714285716,25.369525333333332,23.68473869714286,25.198781724867725
2012-12-02,21.596141314285717,23.1273508377425,25.463044407407406,23.705258051428572,25.33320661904762
2012-12-09,22.584685298412698,24.031694216931214,26.41253296296296,24.648788371428576,26.329541825396827
2012-12-16,22.402318920634922,23.875537657848323,26.406787084656084,24.4744266304762,26.220229224867726
2012-12-23,22.77900940952381,24.227753486772485,26.67179301058201,24.78254372952381,26.399449566137566
2012-12-30,22.564904447619046,24.03017086948854,26.351728915343912,24.495385070476193,25.966620103174606
2013-01-06,22.303506466666665,23.790502296296296,26.004186216931217,24.29026127809524,25.701417571428568
2013-01-13,21.924578066666665,23.419118056437387,25.559781867724865,23.828113904761906,25.206240746031742
2013-01-20,21.55558042222222,23.1130329382716,25.23693095238095,23.419639211428574,24.782171597883593
2013-01-27,21.622155796825396,23.193748580246915,25.238822735449734,23.4586775752381,24.78857561904762
2013-02-03,22.279169019047618,23.917191440917108,26.03739761375661,24.202133904761908,25.63971258994709
2013-02-10,21.94804572063492,23.572294823633158,25.652957835978828,23.85725453714286,25.321892156084658
2013-02-17,21.87403400952381,23.392529453262785,25.409511460317457,23.65259846666667,25.0594432010582
2013-02-24,21.432346926984128,22.830386777777775,24.754578539682537,23.14144781714286,24.489167841269843
2013-03-03,21.907119761904763,23.215563146384483,25.156872185185183,23.742563464761904,25.039353082010578
2013-03-10,21.71722487936508,22.98797321340388,25.1237156031746,23.831550474285716,25.32117982804233
2013-03-17,21.093545111111112,22.283309218694885,24.323495328042327,23.249726912380954,24.629996907407406
2013-03-24,19.90329685079365,21.144210017636684,23.09129593121693,22.025507678095238,23.368512724867728
2013-03-31,19.338077076190476,20.660391816578482,22.45084817460317,21.275612135238095,22.488450574074076
2013-04-07,19.12873221904762,20.43015523633157,22.160901068783062,20.903677121904767,22.059103251322753
2013-04-14,19.262279174603176,20.499301594356258,22.217727185185183,21.031306514285717,22.144747150793652
2013-04-21,18.040643563492065,19.318292817460318,21.126553269841267,19.91438528,21.12856097089947
2013-04-28,17.264046950793652,18.711767395943564,20.829391328042327,19.378613011428573,20.88201241798942
2013-05-05,17.625294976190478,19.036461175485012,21.125317238095235,19.65264205714286,21.139573624338627
2013-05-12,17.117706995238095,18.425358713403877,20.51583137301587,19.04769386761905,20.478311953703706
2013-05-19,16.58128761746032,17.609464646384478,19.434459330687826,18.512936012380955,19.65262158333333
2013-05-26,15.233018715873015,16.262797074074072,18.0169490026455,17.2313865552381,18.3663560489418
2013-06-02,15.625599053968253,16.76962817372134,18.57429584656084,17.745393131428575,18.89147645767196
2013-06-09,15.043396638095238,16.413045701940035,18.53521182010582,17.288433144761907,18.678257002645505
2013-06-16,14.564778890476191,15.986320792768963,18.239198269841268,16.871600764761904,18.420910703703708
2013-06-23,14.01162892063492,15.26400196031746,17.290764185185182,16.121258074285716,17.469911507936505
2013-06-30,14.401710544444443,15.424409335097002,17.030466037037034,16.248615920952382,17.316463888888887
2013-07-07,14.796228604761902,15.832307926807758,17.532689375661374,16.642349401904763,17.63988039285714
2013-07-14,15.581538774603175,16.864836972663138,18.78661494179894,17.694554774285717,18.889043234126984
2013-07-21,14.97506726984127,16.297811306878305,18.458547137566136,17.27077322666667,18.611237142857142
2013-07-28,12.093914576444446,13.332669769488538,15.424199245502644,14.228465482666671,15.59337333201058
2013-08-04,12.718712908190478,13.80761312574956,15.688635044444444,14.769748899809528,15.974746808201056
2013-08-11,13.28096838057143,14.40443459206349,16.234967004761902,15.39866909409524,16.53960387037037
2013-08-18,14.47335564063492,15.569215029276895,17.34222739153439,16.781562226476193,17.842682874338625
2013-08-25,14.220144585079362,15.052382138624338,16.606565433862432,16.479732596952385,17.37219063095238
2013-09-01,13.277218215873015,14.135825440917108,15.644110080952379,15.382538983428574,16.256245797883597
2013-09-08,15.544825587301588,16.483643543738978,18.02106119470899,17.64991457219048,18.551157005555556
2013-09-15,17.072181295238092,18.30974353492064,20.17020195132275,19.316466150285716,20.52963886005291
2013-09-22,17.96595607301587,19.166696132275135,21.023546976190474,20.495962423809527,21.70172868915344
2013-09-29,16.63147304920635,17.79968007495591,19.599701187830686,19.11805250952381,20.312996189153438
2013-10-06,15.193103239682538,16.214185955026455,17.83661209259259,17.442179896190478,18.397187096560845
2013-10-13,16.087179957142855,17.313751044973547,19.111406687830684,18.17026665714286,19.287372261904764
2013-10-20,18.098537073015873,19.42019545326279,21.21769742328042,20.17930772,21.308010343915345
2013-10-27,19.286454498412695,20.77862047266314,22.8569295026455,21.66311264571429,23.032550544973546
2013-11-03,20.042639012698412,21.562495045855382,23.704809544973543,22.48042203809524,23.908839759259255
2013-11-10,20.251464146031747,21.84410528571429,24.205393068783067,22.774853291428574,24.288079433862432
2013-11-17,20.340188190476187,21.916389996472663,24.18680248148148,22.735251977142863,24.257419232804235
2013-11-24,20.5348622031746,22.116587543209878,24.25591114285714,22.792667104761907,24.22154811640212
2013-12-01,21.116256815873015,22.581248982363316,24.61816087301587,23.255770272380953,24.65823415079365
2013-12-08,21.28771697142857,22.77568441798942,24.91131446031746,23.43832527238095,24.880264708994712
2013-12-15,21.557070117460313,22.99115139153439,25.152318497354496,23.688148472380956,25.14779141269841
2013-12-22,21.767509025396823,23.281747216931212,25.52015552910053,23.879286335238096,25.39982625925926
2013-12-29,22.333449911111106,23.876927303350968,26.088508010582007,24.268185451428575,25.791800875661377
2014-01-05,22.47545337142857,23.9982335026455,26.180647089947087,24.420847542857146,25.87232347883598
2014-01-12,22.398844765079364,23.853561426807758,25.979855058201053,24.33111827238095,25.68291011904762
2014-01-19,21.74509263809524,23.140230804232804,25.237540253968252,23.594399369523813,24.852339656084656
2014-01-26,22.474670333333332,23.91009377425044,25.94306426984127,24.193976394285716,25.435968555555558
2014-02-02,23.195422501587302,24.60230403174603,26.60598369312169,24.836866281904765,26.084441248677248
2014-02-09,24.65126581904762,26.125263913580245,28.09883901587301,26.427242403809526,27.742491753968253
2014-02-16,24.105898752380956,25.67292829805997,27.692379941798944,26.006037070476193,27.43776388359788
2014-02-23,23.269726041269838,25.002135761904764,27.042822624338623,25.33586503047619,26.78683510846561
2014-03-02,21.56466868253968,23.243169837742503,25.24438843386243,23.621577733333336,24.98269681746032
2014-03-09,21.019375085714284,22.532145026455026,24.51268470899471,23.014369034285718,24.322682137566137
2014-03-16,20.928476085714284,22.355860664902995,24.267570232804232,22.82516888952381,24.030334582010582
2014-03-23,20.70306760952381,21.96996950617284,23.900843158730158,22.69999298666667,23.897790283068787
2014-03-30,20.656212993650794,21.955467270723105,23.982647793650795,22.69323452952381,23.945162235449732
2014-04-06,20.592460755555553,21.88402518430335,23.954824777777777,22.667334984761908,24.02660432804233
2014-04-13,20.869902452380952,22.245419200176368,24.261077576719572,22.817885727619046,24.185215656084655
2014-04-20,19.770510234920636,21.0094547989418,22.839739777777776,21.656900852380954,22.883589095238094
2014-04-27,18.458421157142855,19.569544830687832,21.357931243386243,20.368885273333333,21.53984881216931
2014-05-04,17.16975362222222,18.310465622574956,20.306753507936506,19.21993236857143,20.459452767195767
2014-05-11,17.165521836507935,18.48930776631393,20.606394380952377,19.346075575238096,20.643403
2014-05-18,16.967647855555555,18.38847063756614,20.492711888888888,19.080312384761907,20.38873545767196
2014-05-25,16.369129057142857,17.675716156084658,19.637039208994707,18.486434153333335,19.70425439153439
2014-06-01,14.609611030158726,15.707834745149915,17.525968055555555,16.487047278095243,17.61627775925926
2014-06-08,13.863039604761903,14.868390608465608,16.709752288359784,15.784670813333335,16.903368365079366
2014-06-15,14.372583939682537,15.398216054673723,17.088778031746028,16.09498302761905,17.151066235449733
2014-06-22,14.965432495238096,16.073798507054676,17.90362894444444,16.954850834285715,18.11558649867725
2014-06-29,15.522175866666664,16.59075486243386,18.36610906349206,17.511611512380956,18.575803755291005
2014-07-06,15.194071212698411,16.31121932010582,18.250780082010582,17.282019516190477,18.370830570105824
2014-07-13,15.336427598412698,16.310450854497358,18.14647414021164,17.24758424761905,18.26461932671958
2014-07-20,14.634482653650792,15.74321471957672,17.659340153439153,16.582884541904765,17.709096851851854
2014-07-27,13.516387447619046,14.536485043915343,16.372605068783066,15.386002428571432,16.542804326719573
2014-08-03,14.200558077777776,15.548781489241621,17.592869124338623,16.32896867619048,17.556226288359788
2014-08-10,14.999619647936507,16.33870311181658,18.42099252116402,17.292866570476193,18.483645284391535
2014-08-17,15.879145896825397,17.364155645502645,19.54014705291005,18.387695743809527,19.648208321428573
2014-08-24,16.782598323809523,18.288985621693122,20.436446058201057,19.280741199047622,20.588306585978838
2014-08-31,15.981853965079365,17.452430209876542,19.545058751322745,18.430505905714288,19.760877427248676
2014-09-07,16.999157365079366,18.591681567901237,20.90140137037037,19.64785877904762,21.0850376031746
2014-09-14,17.844811225396825,19.29358826984127,21.51950948677249,20.415813899047624,21.776837156084657
2014-09-21,18.751351176190475,20.133079022927692,22.31033715343915,21.180546380952382,22.52297300793651
2014-09-28,18.542368044444444,19.922655687830687,21.897432804232803,20.719302400000004,21.976584632275134
2014-10-05,17.263962607936506,18.859376114638447,21.103917047619046,19.66801800761905,21.072538357142857
2014-10-12,18.7225327,20.40758130687831,22.72059334391534,21.24005996761905,22.6846378994709
2014-10-19,20.980700020634917,22.758425975308644,25.208874433862434,23.766797135238097,25.340178801587303
2014-10-26,21.917779793650794,23.628815834215164,25.855664476190473,24.285743961904767,25.788839555555555
2014-11-02,22.44404232698413,24.100652947089944,26.23770414285714,24.513346748571433,26.02194323015873
2014-11-09,21.60027703809524,23.008690282186947,24.884650687830685,23.29883078285715,24.602803383597884
2014-11-16,21.411518653968255,22.586500186948854,24.34311679365079,23.10338387809524,24.345721399470904
2014-11-23,20.856191434920635,21.999579999999998,23.657396047619045,22.549223872380953,23.693610806878308
2014-11-30,21.199940142857145,22.370197929453266,24.058962291005287,22.81732134857143,23.959614777777777
2014-12-07,21.833602168253964,22.97477434567901,24.63635168253968,23.43411377904762,24.514036753968252
2014-12-14,22.198088384126986,23.414315317460318,25.199362846560845,23.79748330285714,24.935637224867722
2014-12-21,22.11749597777778,23.32521713756614,25.177511761904757,23.767857739047624,24.979899304232802
2014-12-28,21.771508663492067,23.16129084303351,25.206570005291002,23.683756811428577,24.9618763968254
2015-01-04,21.389347393650795,22.789567649029987,24.94393113227513,23.542728620952385,24.94607979100529
2015-01-11,21.669002606349206,23.17621658553792,25.41106303174603,23.872692017142857,25.327377489417987
2015-01-18,22.560414346031745,23.988630728395062,26.178291687830683,24.657376398095238,26.19655562962963
2015-01-25,22.9818571968254,24.462094118165783,26.616641830687826,25.084883095238098,26.624843595238094
2015-02-01,22.529500479365073,23.942520971781306,25.99204498941799,24.57756701904762,26.070179380952382
2015-02-08,21.857306920634922,23.42493040388007,25.58295695238095,23.965887441904766,25.500304478835982
2015-02-15,21.93035255873016,23.44724453968254,25.526785566137562,23.797482401904762,25.24086674074074
2015-02-22,21.848501174603175,23.366658971781305,25.422060576719574,23.645967310476195,24.984161878306878
2015-03-01,22.12249353015873,23.571104278659607,25.539694767195765,23.880509289523815,25.17784558201058
2015-03-08,21.953551339682544,23.39029881128748,25.307971629629623,23.785733007619047,25.042006976190475
2015-03-15,22.015518101587304,23.497364894179896,25.44666642328042,23.840389356190475,25.206621756613757
2015-03-22,21.825856295238097,23.330606395061732,25.332836994708988,23.622616161904762,25.026216394179894
2015-03-29,21.282787952380954,22.711537100529103,24.767689984126985,23.106808432380955,24.536542989417992
2015-04-05,20.715785730158732,22.027578573192244,24.04034803174603,22.655250914285716,24.05362445767196
2015-04-12,19.80131350793651,21.113625335097,23.108600523809525,21.84339112571429,23.23943685714286
2015-04-19,19.698613653968255,20.98632224867725,22.92386294179894,21.683942055238095,23.052107867724867
2015-04-26,19.33975762857143,20.679047892416225,22.625097820105818,21.477400192380955,22.853692907407407
2015-05-03,18.72782223809524,20.0591060335097,22.13426413227513,20.85235402857143,22.307724164021163
2015-05-10,17.29504006190476,18.604700417107583,20.6800664021164,19.48562873809524,20.94754491005291
2015-05-17,16.250689406349206,17.528572843915345,19.50675451851852,18.21243904761905,19.601781880952377
2015-05-24,16.67993083174603,17.89311893915344,19.635373216931217,18.475564939047622,19.673015912698414
2015-05-31,16.388092334920632,17.659844350088182,19.426303066137567,18.15400614380953,19.27731078174603
2015-06-07,16.32139080793651,17.75780352733686,19.80549815079365,18.346141542857143,19.63986852248677
2015-06-14,15.996985046031748,17.474431624338624,19.699237769841265,18.401585150476194,19.73679639021164
2015-06-21,15.014271260000001,16.47166875802469,18.843998243386242,17.609557131428573,19.036794783068782
2015-06-28,14.848734163174605,16.32129674744268,18.646709899470896,17.396043102857146,18.767911293650794
2015-07-05,13.419673965714287,14.728199840917108,16.84451972486772,15.580667904761908,16.843758768518516
2015-07-12,13.985873469206348,15.273723437389771,17.196973656084655,15.848113991428576,17.05471864814815
2015-07-19,14.581044467619046,15.406400674603175,17.06357521164021,16.357151551428576,17.261893079365077
2015-07-26,14.59638054920635,15.380217255731921,16.994638767195767,16.432055149523812,17.318984928571428
2015-08-02,15.658225671428573,16.653410591710756,18.57012182539682,17.83992518095238,18.87740166005291
2015-08-09,16.750083911111112,18.14883857054674,20.379932476190472,19.011893880000002,20.286975427248677
2015-08-16,18.823604820634923,20.48696198059965,22.882188555555555,21.244887264761903,22.62956787037037
2015-08-23,18.733415242857145,20.299549343033508,22.556755232804232,21.047186981904762,22.331814375661377
2015-08-30,17.61087429047619,19.12717071340388,21.328164825396822,19.878902587619052,21.256676706349207
2015-09-06,17.158155598412698,18.577008762786594,20.879496698412698,19.63402872285715,21.128492470899474
2015-09-13,16.32531351111111,17.66134698500882,19.997644957671955,18.79932121904762,20.332928992063493
2015-09-20,17.887812626984125,19.225795749559083,21.667015460317458,20.593347167619047,22.061131780423278
2015-09-27,19.178392966666664,20.435531834215166,22.79238344973545,21.736987678095243,23.051349354497358
2015-10-04,20.5967042015873,21.781108997354494,24.005161343915344,23.04821432,24.316837171957673
2015-10-11,20.229127688888887,21.318430529100528,23.340174407407403,22.424684299047623,23.579350936507936
2015-10-18,19.604173985714283,20.596110145502646,22.496748867724865,21.668240136190477,22.7762060978836
2015-10-25,20.79086646507936,22.116482164902994,24.30870953968254,23.176602309523812,24.438998732804237
2015-11-01,20.974950315873013,22.32987204673721,24.455447629629628,23.29111996666667,24.627445812169313
2015-11-08,20.574950123809526,22.09756858377425,24.209994243386237,22.908097361904765,24.28548924867725
2015-11-15,20.555437914285715,21.98603844973545,24.022583735449732,22.866328207619052,24.23764132804233
2015-11-22,20.12155704761905,21.465950379188712,23.508006746031743,22.35155708571429,23.686593264550265
2015-11-29,20.672564558730162,22.008789171075836,24.032881724867725,22.694504518095243,23.987264224867726
2015-12-06,19.938365403174604,21.188428601410934,23.033079857142855,21.768565167619048,22.8877931957672
2015-12-13,20.611185142857142,21.82708789594356,23.62293174074074,22.33882922666667,23.41695698148148
2015-12-20,21.083055663492065,22.22898744797178,24.082095269841272,22.842081902857146,23.990297846560846
2015-12-27,22.102073615873014,23.208528544973547,25.07077639153439,23.723977137142857,24.88956304761905
2016-01-03,22.25024084761905,23.461334823633155,25.436415449735446,23.92968043238095,25.17056960846561
2016-01-10,22.531634666666665,23.832712610229276,25.750378370370367,24.203526883809527,25.371898156084654
2016-01-17,23.136377282539684,24.482350319223986,26.248543666666663,24.621807032380953,25.66004408994709
2016-01-24,23.59645243492064,25.108086391534396,26.85908773544973,25.125742019047618,26.142358576719573
2016-01-31,23.595791377777775,25.116531571428578,26.872210105820102,25.21762238476191,26.225762
2016-02-07,22.745560641269844,24.180713435626103,25.990392206349203,24.52153784952381,25.63313608730159
2016-02-14,22.894072457142858,24.246682463844795,26.03829062962963,24.66074210476191,25.850063605820107
2016-02-21,23.15463359365079,24.48955508289242,26.368689629629625,24.815547144761908,26.14688228042328
2016-02-28,23.062488349206347,24.479855276895943,26.33294002116402,24.556607180952383,25.842877179894177
2016-03-06,21.839936853968254,23.226437299823633,25.109603116402113,23.439332832380956,24.634477883597885
2016-03-13,20.698328419047616,21.994599728395062,23.758526015873013,22.340027059047625,23.418418444444445
2016-03-20,21.047613517460317,22.426628828924162,24.30273719047619,23.02244472761905,24.23754163227513
2016-03-27,20.78646199047619,22.066364313932983,23.914270190476188,22.76464120380953,24.012884502645502
2016-04-03,21.122825873015874,22.510270740740747,24.482634259259257,23.259484849523812,24.60321241269841
2016-04-10,21.40787706031746,22.717875931216934,24.806531148148142,23.52037066666667,24.916555439153438
2016-04-17,22.531292955555557,23.968709208112873,26.113825190476188,24.69693457714286,26.204850079365084
2016-04-24,23.026083355555556,24.55581611111111,26.770553433862432,25.176865129523815,26.784767722222224
2016-05-01,18.87398393333333,20.2363854361552,22.37969003439153,21.005295602857146,22.507019921957674
2016-05-08,16.46067595873016,17.787719623104056,19.872770447089945,18.485254350476193,19.958990212962963
2016-05-15,14.567663911111111,15.713076002292771,17.56137045238095,16.406090032380956,17.65698707804233
2016-05-22,15.235920104761902,16.364205995590833,18.00319798412698,17.037102750476194,18.14178038756614
2016-05-29,14.600156325396824,15.566861641093473,17.00051831216931,16.255482932380954,17.14005076984127
2016-06-05,12.903418638412697,13.69432860493827,15.068618018518515,14.507742286666668,15.282654226190475
2016-06-12,10.83845287047619,11.687595319400351,13.300562205291001,12.593881604571429,13.575735117724868
2016-06-19,10.56193054952381,11.42722942627866,13.141948239682536,12.547250318857143,13.529735937830688
2016-06-26,10.823163280000001,12.046092884832452,14.008692176190474,13.228826645523812,14.400671989417988
2016-07-03,13.811391716190476,15.306243641269843,17.222319021164015,16.285947530476193,17.400587734126983
2016-07-10,14.215940066031747,15.814698668430333,17.870648870370367,16.684086230476193,17.906159365079365
2016-07-17,15.245841559365081,16.695466610405642,18.66935628306878,17.59666320571429,18.722078707142856
2016-07-24,13.509436472063491,14.753532470370368,16.703117038624338,15.847821718285715,16.918762525132273
2016-07-31,13.769624193968255,15.140209189947091,17.151123488359787,16.35748419257143,17.450524543650793
2016-08-07,14.507058111111112,16.12190261393298,18.300834607407406,17.280361012571433,18.440338595767198
2016-08-14,15.382118598412697,17.064766231922402,19.239210174603173,18.008521091428573,19.194470390211638
2016-08-21,15.405513484126983,17.01247323633157,19.15490289417989,17.870550371428575,19.09181478968254
2016-08-28,14.729935245396826,16.202757398589064,18.258458825396826,17.00442605809524,18.29685892195767
2016-09-04,15.43689527079365,16.59417100440917,18.312759235449732,17.345771197142863,18.430581503968256
2016-09-11,15.079985042222225,16.073841688712523,17.571797603174602,16.73752188761905,17.689163436507936
2016-09-18,15.513512263492066,16.470329104938273,17.98791098412698,17.305059814285716,18.267991392857144
2016-09-25,15.816013512698413,17.0855060978836,18.974420917989416,18.049662095238094,19.26588724867725
2016-10-02,17.460823792063493,18.990572061728397,21.071357206349205,20.03369136190476,21.343242162698413
2016-10-09,17.100957847619046,18.552716218694886,20.52703115343915,19.354239840952385,20.58605085185185
2016-10-16,17.922458873015874,19.36563929100529,21.4299156984127,20.1545185152381,21.53945506878307
2016-10-23,18.96685911746032,20.361900961199293,22.641307328042327,21.31711834952381,22.81173161375661
2016-10-30,19.390344050793654,20.81238695679012,23.150389005291004,21.804705132380956,23.34414861111111
2016-11-06,19.673916344444446,21.021890815696647,23.22469051322751,21.98535804857143,23.307203801587303
2016-11-13,19.279310852380956,20.57670016137566,22.565693269841265,21.24914201809524,22.57474253703704
2016-11-20,19.693713503174607,21.007052398589064,23.010801269841267,21.69455399619048,23.049416775132276
2016-11-27,20.29693713968254,21.736332901234565,23.812174830687827,22.372385872380956,23.90910753703704
2016-12-04,20.15607305714286,21.64958263844797,23.822840264550262,22.252922689523814,23.779791468253972
2016-12-11,20.855901984126984,22.335501862433862,24.37539919576719,22.726176731428577,24.158129751322758
2016-12-18,20.422786158730162,21.93627488183422,24.05739814814815,22.380445483809524,23.71644689153439
2016-12-25,20.73973319047619,22.136405160493826,24.15845881481481,22.527740462857142,23.776014962962964
2017-01-01,21.47182881904762,22.838374825396826,24.94537636507936,23.273947672380956,24.532105555555557
2017-01-08,22.398887542857143,23.64316676014109,25.607034470899467,23.861446200000003,25.082223153439156
2017-01-15,23.159572825396825,24.55310116402116,26.604684015873016,24.806963419047623,26.108045015873014
2017-01-22,23.165694847619047,24.607747375661376,26.611643825396822,24.82600670857143,26.100891703703706
2017-01-29,22.547184257142856,24.051983650793648,26.02009202645502,24.219791952380955,25.456150664021163
2017-02-05,22.019288041269842,23.375252813051144,25.114443529100527,23.52501551619048,24.58169766137566
2017-02-12,21.561844622222225,22.80705436155203,24.568972629629627,23.296991794285717,24.372066626984125
2017-02-19,22.38182140317461,23.58412038977072,25.364248058201056,24.200356862857145,25.295801232804234
2017-02-26,22.8964829015873,24.140218479717817,26.159401857142853,24.789007862857147,26.028296349206347
2017-03-05,23.100675787301586,24.42189182186949,26.51845158201058,24.824632493333336,26.174384264550266
2017-03-12,23.089600076190475,24.476754280423282,26.696413518518515,24.93647931428572,26.360692380952383
2017-03-19,22.107506088888886,23.39952716931217,25.415374582010582,24.01074512761905,25.354299981481486
2017-03-26,21.522933063492065,22.922233746031747,24.992103137566133,23.52561788952381,24.937468439153438
2017-04-02,20.25825793968254,21.720744587301585,23.683174291005287,22.18441469714286,23.534117383597884
2017-04-09,20.253058215873015,21.73796851499118,23.705967783068782,22.08188329904762,23.47569838888889
2017-04-16,20.13948946984127,21.4518441005291,23.224558343915344,21.918494460952385,23.0972426005291
2017-04-23,19.5959634,20.735646783068784,22.417771566137564,21.257912845714287,22.36216730423281
2017-04-30,17.671176444444445,18.856791425925927,20.6537343015873,19.473829639047622,20.60340198015873
2017-05-07,16.865424755555555,18.16784048765432,19.986807359788358,18.675618774285713,19.841329154761905
2017-05-14,16.739155784126982,18.0468045,20.023072153439152,18.739267692380952,20.009910527777777
2017-05-21,17.086859279365083,18.393662659611994,20.285336195767194,19.049442535238096,20.311587375661375
2017-05-28,17.48855996825397,18.684107442680777,20.623578952380953,19.47336076571429,20.74554480687831
2017-06-04,16.654635326984128,17.63391761904762,19.260160256613755,18.476915415238096,19.55306317195767
2017-06-11,16.207978453968256,17.01687244708995,18.540314224867725,17.953698124761903,18.903340202380953
2017-06-18,15.08113784920635,15.997112306878307,17.640337015873012,16.872365446666667,17.856019764550265
2017-06-25,14.778487504761905,15.843636259259258,17.699650388888887,16.711804543809524,17.771283775132275
2017-07-02,15.224955015873016,16.55555364373898,18.62266175925926,17.387573805714286,18.54603971560847
2017-07-09,14.661749458730158,16.02499778042328,18.09166619047619,16.830092189523814,18.010993806878307
2017-07-16,15.6708093968254,17.201272111992946,19.372641396825397,17.881334484761908,19.145677907407407
2017-07-23,13.586121830793653,14.908140619753086,17.025343408994704,15.71024016019048,16.911751924074075
2017-07-30,14.744477402222223,16.17137519823633,18.264001117989412,17.017790029714288,18.18977273095238
2017-08-06,13.863993905396825,15.268453439858908,17.250988657671957,16.17707099257143,17.261796413492064
2017-08-13,16.674361074603173,18.36642916931217,20.587400772486774,19.424041269523812,20.68250293121693
2017-08-20,16.01175297936508,17.56295381746032,19.741424698412697,18.631519964761907,19.810612314814815
2017-08-27,16.785428389523812,18.428427825396824,20.70732625396825,19.484262843809525,20.73481626984127
2017-09-03,17.846456986349207,19.414696834215167,21.42829653439153,20.307536800000005,21.255464137566136
2017-09-10,20.150147033968256,21.84895038888889,23.796015698412692,22.713339152380957,23.544011788359793
2017-09-17,21.75877491428572,23.072356814814814,24.68018244444444,24.201570638095237,24.688974404761904
2017-09-24,22.32312562222222,23.524830666666663,24.98756119047619,24.65306781142857,25.16643062962963
2017-10-01,21.39319961904762,22.580120634920632,24.181770026455023,23.66475696952381,24.50873075396825
2017-10-08,19.83767583174603,21.330502890652557,23.332752899470893,22.15344281428572,23.453700867724866
2017-10-15,18.80450796825397,20.294909391534393,22.441007767195767,21.112987233333335,22.601473677248677
2017-10-22,18.93781513968254,20.42778167548501,22.672460555555556,21.426428227619052,22.95294505026455
2017-10-29,18.934161771428574,20.312475354497355,22.51370797883597,21.38622422285714,22.963624460317458
2017-11-05,18.66005193333333,20.08467782186949,22.30635172486772,20.967084340952383,22.56989272222222
2017-11-12,18.40803407936508,19.84360930335097,21.91598574603174,20.514859651428576,21.988865005291007
2017-11-19,19.509697895238094,20.987484723104057,22.969445888888885,21.537101160000002,22.90002690740741
2017-11-26,19.70903219047619,21.06573406525573,23.03333731746032,21.76653969714286,23.054332886243387
2017-12-03,20.45099736190476,21.764525541446208,23.643675232804227,22.418231904761907,23.579477513227513
2017-12-10,21.151062425396827,22.61202506878307,24.548613560846558,23.21209375238095,24.306736957671955
2017-12-17,22.325887774603174,24.074610980599648,26.19286246560846,24.52912671428572,25.686609253968253
2017-12-24,22.44759480952381,24.08564756261023,26.149053640211637,24.515885241904765,25.663124994708994
2017-12-31,22.07803196825397,23.624749599647263,25.56778855026455,23.898275365714287,25.000657216931216
2018-01-07,21.611878679365077,22.994467880070545,24.742086,23.16469212952381,24.179078433862433
2018-01-14,21.253229041269844,22.64829173015873,24.411507544973546,22.78228292761905,23.814554084656084
2018-01-21,21.269407990476193,22.56285649911817,24.34079676190476,22.8252701352381,23.92229586772487
2018-01-28,21.3078966984127,22.716502386243388,24.678589058201055,23.125798502857148,24.40333076455026
2018-02-04,21.941983063492064,23.42575905643739,25.53935995238095,23.855490601904762,25.256000679894182
2018-02-11,22.25502397777778,23.89923391887125,26.10203529100529,24.24874678476191,25.69889197089947
2018-02-18,21.853682146031748,23.420931007054673,25.48234934391534,23.70551272380953,25.063107523809524
2018-02-25,21.263206936507938,22.78943497883598,24.75415626455026,23.111762165714293,24.455401669312167
2018-03-04,21.122685120634923,22.532169209876542,24.505583539682537,22.97159853904762,24.30047511640211
2018-03-11,21.661265542857148,22.986329582010583,24.964437867724865,23.524877847619052,24.81073535185185
2018-03-18,22.342595444444445,23.656456687830687,25.815663634920636,24.378663923809526,25.73865061111111
2018-03-25,22.031122241269845,23.299996416225753,25.55100111111111,24.219973971428573,25.659324037037038
2018-04-01,21.127717565079365,22.32072504144621,24.443390804232802,23.209311420952385,24.565840388888887
2018-04-08,20.10644233968254,21.243141642857143,23.253076576719575,22.09074456571429,23.36822881216931
2018-04-15,20.092152012698417,21.37098809435626,23.367703343915338,22.075818127619048,23.394746693121693
2018-04-22,20.190082161904765,21.66720948677249,23.933690857142853,22.339858403809526,23.90906710582011
2018-04-29,20.667661393650793,22.26404160493827,24.54530512698413,22.795430327619048,24.465883404761907
2018-05-06,20.59542661587302,22.13696719929453,24.443497608465606,22.705633826666666,24.379691174603177
2018-05-13,20.012300065079366,21.498668576719577,23.748988592592593,22.10018498095238,23.69126872751323
2018-05-20,18.106088746031745,19.4882365978836,21.718626317460316,20.29683567809524,21.80294473677249
2018-05-27,15.540714438095238,16.887956230158732,19.03563455291005,17.729552559047622,19.12116556878307
2018-06-03,14.71388195714286,15.96311809171076,18.00430917195767,16.872030115238097,18.145447985449735
2018-06-10,13.344611089523811,14.392802592768959,16.359447642857138,15.521485140952384,16.61759357142857
2018-06-17,13.149982320634921,13.874507922751322,15.570564779365077,15.209215427428575,16.04905536269841
2018-06-24,13.150505731746032,13.956283294003528,15.667249514814813,15.370267338857145,16.26533613121693
2018-07-01,15.008468366031748,15.891361501940038,17.426024837566132,17.169182501714285,18.111352043915343
2018-07-08,16.68970037936508,17.8167939329806,19.48829376190476,18.989722755238095,20.111244626984128
2018-07-15,15.571976547301588,16.683350467372133,18.36616064814815,17.776737496190478,18.91718140740741
2018-07-22,15.650586210793653,16.76830005026455,18.57377985449735,17.916251368571434,19.07638609656085
2018-07-29,15.426434369523811,16.430642214285715,17.818565145502642,17.65373803714286,18.55955362037037
2018-08-05,15.553633850793652,16.45085130511464,17.623077568783064,17.75141510571429,18.586476448412697
2018-08-12,13.558395985714286,14.46677069047619,15.654459896825394,15.632754367619048,16.476304637566138
2018-08-19,13.198181847619049,14.42537758994709,16.1088099021164,15.343160520000003,16.517153026455023
2018-08-26,13.283924143809523,14.193685401410933,15.71150846560846,15.285250338095244,16.11567036111111
2018-09-02,15.196301513650795,16.143332852910053,17.61461223280423,17.2969761552381,18.068664408730157
2018-09-09,14.875244337460318,15.688891133333334,17.174896939153438,16.84401060761905,17.61578716137566
2018-09-16,16.41756707777778,17.713799352733684,19.50695153174603,18.58489460380953,19.68953053042328
2018-09-23,16.943067790476192,18.363862883597882,20.381188436507937,19.13411144476191,20.411536879629626
2018-09-30,18.700130060317463,20.051925520282186,21.96375985714285,20.960541800000005,22.125470894179895
2018-10-07,18.94716191746032,20.159646377425045,22.20250817460317,21.303760651428576,22.62108332010582
2018-10-14,19.22882798888889,20.34725005643739,22.20872056613756,21.44442694476191,22.649129507936507
2018-10-21,18.68466018571429,19.988285848324516,22.09715168253968,21.04783467619048,22.47506807142857
2018-10-28,18.76550924920635,20.132504982363315,22.13504842328042,20.941503910476197,22.255267103174603
2018-11-04,18.912021900000003,20.321667391534394,22.418803391534393,21.20826322666667,22.671385277777777
2018-11-11,19.715800490476195,21.183507633156967,23.238152275132276,21.871314912380956,23.306125640211643
2018-11-18,21.064479352380953,22.53058419047619,24.685120063492064,23.199288011428575,24.663364235449734
2018-11-25,21.39218108888889,22.82707595590829,24.882134507936502,23.341095523809532,24.664815687830686
2018-12-02,21.475540342857144,22.772726846560847,24.72203485714286,23.43240401714286,24.610612103174603
2018-12-09,20.394314311111113,21.77016519753086,23.735136455026453,22.51784981714286,23.680669402116404
2018-12-16,21.670248104761907,23.070956477954145,25.042573830687825,23.78108647428572,24.95469088359788
2018-12-23,22.167805460317464,23.572367671957675,25.707136492063487,24.272208047619056,25.589109579365083
2018-12-30,23.464741419047623,24.839962028218697,26.767149708994708,25.226467356190483,26.42965077248677
2019-01-06,23.360883406349206,24.747633689594355,26.668099058201054,25.114826643809533,26.272105486772485
2019-01-13,23.29701427619048,24.63338070017637,26.427526703703702,24.90232331809524,25.964916769841267
2019-01-20,23.16374306031746,24.512673809523807,26.4639206031746,24.962471502857152,26.1404607989418
2019-01-27,23.07253137142858,24.508899388007052,26.64969614285714,24.987028946666673,26.31696937301587
2019-02-03,23.810258257142863,25.392169920634917,27.370739597883595,25.732346140952387,27.01167247089947
2019-02-10,23.519918574603178,25.24792482010582,27.213018328042324,25.519438257142866,26.95788816137566
2019-02-17,22.558788346031747,24.248591102292767,26.01932015343915,24.559606007619053,25.94339394179894
2019-02-24,21.73656001587302,23.401954867724868,25.337879105820104,23.757329447619053,25.23099899206349
2019-03-03,21.425842619047625,22.947103008818342,24.883438354497354,23.41289708571429,24.770370320105815
2019-03-10,21.736280387301587,23.194968664902998,25.214431613756613,23.69719175619048,25.08092674074074
2019-03-17,21.203987253968254,22.50438322222222,24.433892206349203,23.18303606666667,24.472230867724864
2019-03-24,20.817099393650796,22.043448597883597,23.988824116402114,22.740596674285722,23.980097193121694
2019-03-31,20.443006682539686,21.70251930335097,23.657771772486768,22.497202137142864,23.75162015873016
2019-04-07,20.493677663492065,21.598524807760143,23.329993878306876,22.29898719238096,23.37755824074074
2019-04-14,20.681174174603175,21.821436405643738,23.405975894179893,22.353104634285717,23.378326246031747
2019-04-21,20.299452200000005,21.43814595238095,22.99172478306878,21.94494711238096,22.989703195767195
2019-04-28,20.103944803174606,21.406336250440916,23.15220251322751,22.029626582857148,23.257614976190478
2019-05-05,19.946324879365083,21.143289211640212,22.90588142328042,21.881658403809528,23.09204552380952
2019-05-12,19.76625271111111,20.85061803174603,22.611686619047617,21.69403371619048,22.836514825396822
2019-05-19,18.205604038095238,19.279172206349205,20.997984925925923,20.030416609523815,21.148470333333332
2019-05-26,16.73075679206349,17.82561092680776,19.562089269841266,18.588866491428576,19.725676567460315
2019-06-02,16.273198652380955,17.364528120811286,18.910242851851848,18.032783259047623,19.001655157407402
2019-06-09,16.06975711746032,17.201162762786595,18.83762814285714,17.902390042857146,18.949311056878305
2019-06-16,17.036579195238097,18.386034871252203,20.157189719576717,19.024669140000004,20.140406388888888
2019-06-23,16.61704452857143,18.227319386243384,20.378293835978834,18.959363772380957,20.26681831216931
2019-06-30,17.448862733333332,18.95882914285714,21.1379308042328,19.807487929523813,20.952925634920636
2019-07-07,14.75908940825397,15.952333234038802,18.09372997142857,17.305097479047625,18.389092044444446
2019-07-14,14.11946001873016,15.129399632627866,17.263312093121687,16.527169547619053,17.558152213756614
2019-07-21,12.857500309206351,13.92766371111111,16.08905392380952,15.386293905714291,16.527665812962965
2019-07-28,14.972835640634925,15.78680051499118,17.44347465079365,17.07000838285715,17.732806021164023
2019-08-04,14.575762385714286,15.400652109347442,17.005338677248673,16.817648615809528,17.439302345238094
2019-08-11,15.56375777619048,16.425229310405644,17.888303388888886,17.860368451047623,18.295091115079362
2019-08-18,15.427540331428574,16.742887301234564,18.846517531746027,18.21844224057143,19.116526965608468
2019-08-25,15.696831560000005,17.141276842680774,19.423865690476187,18.682353725714293,19.78412789021164
2019-09-01,16.288655286984127,17.854194530511464,20.323116391534388,19.32463453238096,20.628517034391535
2019-09-08,16.79568785079365,18.36795989153439,20.667107616402117,19.728043189523813,21.072316416666666
2019-09-15,19.54948053650794,20.963646519400353,22.73010865343915,22.06422620095239,23.082536107142857
2019-09-22,20.067140506349208,21.31087007583774,22.92902874338624,22.574241427619054,23.565609366402118
2019-09-29,20.27032554920635,21.654461264550264,23.451668211640207,22.726809961904767,23.86279091005291
2019-10-06,19.9924461968254,21.405968410934747,23.48734362433862,22.499240920000005,23.846369211640212
2019-10-13,20.88102639047619,22.513321082892418,24.773537634920633,23.277614200000006,24.826713925925926
2019-10-20,21.844242596825396,23.416444470899474,25.61729452380952,24.37736365904762,25.952646685185186
2019-10-27,21.47684170793651,23.096484183421513,25.26225735449735,24.029758451428577,25.58811592857143
2019-11-03,21.657026234920636,23.351589569664906,25.595209767195765,24.434207544761907,25.995745785714288
2019-11-10,21.593953812698416,23.326058137566136,25.623248349206346,24.27432105714286,25.793395420634923
2019-11-17,21.626120212698414,23.448014922398585,25.883906756613754,24.354466500952384,25.946352246031747
2019-11-24,21.566907923809527,23.470527622574952,25.889631116402114,24.225411838095244,25.779756907407407
2019-12-01,21.610591304761908,23.524951590828923,25.882289222222223,24.19174789714286,25.692005023809525
2019-12-08,21.433832184126988,23.238227890652556,25.424728973544973,23.716625908571434,25.125550632275132
2019-12-15,20.970229314285717,22.469799756613753,24.411680349206346,22.828008640000004,24.081725997354496
2019-12-22,20.477172882539687,21.805471816578486,23.58447852380952,22.06061001904762,23.1630579973545
2019-12-29,21.516379114285716,22.850339950617286,24.606848624338625,23.066933472380956,24.166511076719576
2020-01-05,21.728002111111113,23.210824881834213,25.067547079365074,23.47713949333334,24.665308542328045
2020-01-12,22.930972,24.470875012345676,26.303755841269837,24.612893428571436,25.900065756613756
2020-01-19,22.60041108888889,24.192192954144616,26.128829153439153,24.43023675619048,25.754851753968254
2020-01-26,22.24650657777778,23.80774833862434,25.71127351322751,24.034353348571432,25.369625095238092
2020-02-02,21.902906701587302,23.40543737389771,25.378283899470897,23.770526645714295,25.113966256613754
2020-02-09,22.06796355873016,23.58948706349206,25.481027021164014,23.7524285752381,25.10130404761905
2020-02-16,22.306151041269846,23.88883436507936,25.9533346031746,24.136203546666675,25.58435206084656
2020-02-23,22.437165377777777,23.948507858906524,25.975049746031743,24.342274598095244,25.798003087301584
2020-03-01,21.70070117460318,23.200514622574957,25.327522798941796,23.807516508571428,25.3486921031746
2020-03-08,21.25848745079365,22.77648994356261,24.8411993015873,23.315403386666674,24.862885984126986
2020-03-15,21.874887352380952,23.69840797707231,25.643054116402116,23.753819573333335,25.563746314814818
2020-03-22,22.338782926984127,24.036542074074074,25.812840433862434,24.026366986666673,25.784799589947088
2020-03-29,22.62415533650794,24.21977096119929,25.797410698412694,24.078824135238104,25.759501447089946
2020-04-05,21.24043866984127,22.736239238095237,24.549268677248673,23.066205788571434,24.567256502645506
2020-04-12,19.383447531746032,20.884861451499116,22.720808740740736,21.491268725714292,22.91449529365079
2020-04-19,17.41487642539683,18.827020074955907,20.603606002645503,19.672860149523814,21.027636443121693
2020-04-26,17.064020679365083,18.51576042416226,20.061237944444443,19.131279867619053,20.499179842592593
2020-05-03,17.835899430158733,19.47666636419753,21.008318103174602,19.88513204666667,21.328288027777777
2020-05-10,17.260462717460317,18.91384204938272,20.639105320105823,19.391249549523813,20.92395228835979
2020-05-17,15.924611949206351,17.349892319223986,19.195452764550264,18.14640308952381,19.516519000000002
2020-05-24,14.8530161968254,16.06917381128748,17.992134896825394,16.914521891428574,18.224618063492063
2020-05-31,14.366120090476194,15.534013423280422,17.506092066137562,16.378176901904766,17.635959130952383
2020-06-07,13.68413277460318,14.674403171957671,16.487671306878305,15.576079298095243,16.66366391931217
2020-06-14,14.3706781952381,15.446044166666667,17.380352455026454,16.60337190571429,17.72497319708995
2020-06-21,16.188070619047622,17.42436476102293,19.35672379100529,18.503090806666673,19.628846145502646
2020-06-28,16.733542731746034,18.16789555379189,20.281926568783067,19.227715155238098,20.506450023809524
2020-07-05,14.406532652380953,15.773463157495591,17.945322407407406,16.730560499047623,18.063474858465607
2020-07-12,13.417177610158733,14.513052137213405,16.53213744179894,15.670440989523817,16.84597619047619
2020-07-19,13.806230997460323,14.991814576366844,17.13203357142857,16.234242306666673,17.570609365079363
2020-07-26,15.50511591650794,16.778661940035274,18.753792076719574,17.9657989352381,19.230765169312168
2020-08-02,15.310265461904768,16.69158444532628,18.787511417989414,17.943152339047625,19.32449152116402
2020-08-09,15.322848712698416,16.906090977954147,19.242036687830687,18.082482540952387,19.63809574074074
2020-08-16,15.532344150793655,16.95060702469136,19.225503444444442,18.26629685619048,19.80669858862434
2020-08-23,14.67684343269842,16.095860968606704,18.269280785185185,17.101129657714292,18.54530251111111
2020-08-30,15.659145842222225,17.06510065291005,18.94611781164021,17.801566655809527,19.02245264338624
2020-09-06,16.972253762857147,18.468151286067016,20.24960283280423,19.249080712952388,20.291223177777777
2020-09-13,20.344792587301587,21.901136190476194,23.59323913227513,22.990686748571434,23.974678407407406
2020-09-20,20.214180211111113,21.51405881746032,23.192057089947088,23.027485979047622,23.94222064285714
2020-09-27,20.093904941269844,21.60425800088184,23.696894735449735,22.944697371428575,24.195068232804232
2020-10-04,20.485826201587304,22.321491115520285,24.82292999470899,23.742630059047624,25.27358611111111
2020-10-11,21.008946298412702,23.050025102292768,25.829768566137563,24.69546304190477,26.508955415343916
2020-10-18,21.092360765079366,23.104012160493827,25.88063996296296,24.757788958095244,26.4541573994709
2020-10-25,20.890946326984132,22.88333871781305,25.694706841269838,24.2247984304762,25.852208544973546
2020-11-01,20.3885461968254,22.379827657848324,25.01820057142857,23.161014874285723,24.569587833333333
2020-11-08,20.344961028571433,22.484550299823635,25.06483596825397,23.223319868571433,24.6948077989418
2020-11-15,19.842534422222226,21.754514894179895,24.10082391534391,22.577766367619052,23.954541772486774
2020-11-22,20.020537171428575,21.84102027336861,24.222465412698412,22.719890097142862,24.17944113756614
2020-11-29,21.078966320634922,22.917928298059966,25.163586608465607,23.63848487809524,25.101869714285716
2020-12-06,20.765619942857146,22.589535795414463,24.773444185185184,23.231167560000003,24.77201173809524
2020-12-13,21.822944568253973,23.695382585537917,25.76876628042328,24.18327460571429,25.575244960317463
2020-12-20,21.238757482539686,22.76686875132275,24.745042513227506,23.21340014476191,24.469599767195763
2020-12-27,21.969383165079368,23.457462777777778,25.435287550264547,23.87740583238096,25.094219034391532
2021-01-03,21.84647491428572,23.261774211640216,25.218703597883593,23.664550379047625,24.90842324867725
2021-01-10,21.92247694603175,23.302522751322755,25.227699312169307,23.681361895238098,24.839193526455023
2021-01-17,22.11038142222223,23.425271395061728,25.28035734391534,23.753555563809527,24.80141142857143
2021-01-24,21.454099330158737,22.768133234567898,24.624067264550263,23.15595632571429,24.22759387037037
2021-01-31,20.985051079365082,22.325951673721338,24.28652292063492,22.780103840000006,23.975334074074073
2021-02-07,20.200570222222225,21.465669791887123,23.385338534391533,21.981603533333338,23.201571312169317
2021-02-14,20.31613760634921,21.520418666666668,23.42821865079365,21.956540453333336,23.216935584656085
2021-02-21,20.358753155555558,21.710501841269842,23.662872275132273,22.235612180952387,23.561246843915345
2021-02-28,21.016045180952386,22.686962486772487,24.895920523809522,23.167355297142862,24.678272066137566
2021-03-07,21.164487130158733,22.922587234567903,25.20294914285714,23.453405820952383,24.96655024074074
2021-03-14,21.465652415873024,23.22137949206349,25.498301910052913,23.705179796190478,25.224986394179894
2021-03-21,21.510833711111115,23.099162350970015,25.20528917989418,23.4641462152381,24.85506121164021
2021-03-28,22.037530266666668,23.60072284126984,25.753898698412698,24.107088840000003,25.537182256613757
2021-04-04,21.152289577777783,22.60516879541446,24.72069877248677,23.168154651428576,24.601532272486775
2021-04-11,20.687946380952383,22.270573783068784,24.439346285714283,22.858899030476195,24.35377606084656
2021-04-18,19.574632695238098,21.068623957671957,23.171154370370363,21.698599462857146,23.1204032962963
2021-04-25,19.348681682539688,20.920260361552028,23.014846735449733,21.427897443809528,22.79739770899471
2021-05-02,17.710507992063494,19.030254240740742,20.971508407407402,19.72464556571429,21.0347060489418
2021-05-09,16.931428453968255,18.21865008553792,20.06656721164021,18.955866912380955,20.240919805555556
2021-05-16,15.9893127952381,17.14249209876543,18.91720976190476,18.031065998095244,19.184121888888892
2021-05-23,15.766409980952384,17.003592509700173,19.011308761904758,17.997155131428574,19.19488637830688
2021-05-30,15.03800442698413,16.28451047883598,18.457154034391532,17.416688666666673,18.730068386243385
2021-06-06,15.47775108730159,16.797548865079364,19.23385439417989,18.147162457142862,19.550046578042327
2021-06-13,15.156561234920638,16.451990519400354,18.813215277777775,17.658244913333338,19.058521634920638
2021-06-20,14.359194228571432,15.553156150793649,17.574517346560842,16.54237380380953,17.670440228835982
2021-06-27,13.845069092063497,14.888657917989418,16.705203830687825,15.822612748571432,16.86966329365079
2021-07-04,11.645846489365082,12.607792161728396,14.439791135449733,13.607754082857147,14.65858413756614
2021-07-11,12.2102926052381,13.554727062962963,15.72279189470899,14.467481131428576,15.795842451058201
2021-07-18,11.95503872428572,13.417667927513227,15.513014817989415,14.21877408476191,15.566960800264551
2021-07-25,13.672739064761908,15.278649741446207,17.338706896825396,15.992953674476196,17.29837431481481
2021-08-01,12.376122981523814,13.715225282716048,15.535528051851848,14.48714098476191,15.590560198148149
2021-08-08,12.621056376761908,14.132058355555555,15.87067475291005,14.793272429523816,15.87432826031746
2021-08-15,13.355480392952385,14.671874351675484,16.06929284285714,15.574097828380957,16.357151255026455
2021-08-22,17.119848452380957,18.690519522045854,20.216445719576715,19.691500544761908,20.559814242063492
2021-08-29,18.04992313809524,19.45800981128748,20.954792415343913,20.46123143619048,21.303990226190475
2021-09-05,19.341497722222226,21.108981622574955,23.092362968253966,22.069300232380957,23.280748267195772
2021-09-12,18.19975550634921,19.862065628747796,22.02859352380952,21.010541931428573,22.280503312169316
2021-09-19,18.9796666952381,20.757295373015868,23.222526941798936,22.26405324571429,23.7296095952381
2021-09-26,19.094150155555564,20.792464850970017,23.377462497354497,22.58846012571429,24.06652466931217
2021-10-03,19.753841609523814,21.426832583774246,23.864439846560842,23.063474617142862,24.559044505291002
2021-10-10,18.973869469841276,20.617169477954146,22.981040481481482,21.975573588571432,23.417535161375657
2021-10-17,18.759362812698416,20.27797589065256,22.40716616402116,21.226473099047624,22.585909923280425
2021-10-24,17.82732436190477,19.419645680776014,21.72049668253968,20.317788163809528,21.737967111111114
2021-10-31,18.695896288888893,20.304819490299824,22.672413740740737,21.165845270476193,22.69461885714286
2021-11-07,19.60150498412699,21.32897756084656,23.843350365079363,22.16188036761905,23.83742905026455
2021-11-14,20.605352498412703,22.32256294532628,24.782223820105816,22.95317412761905,24.666046722222223
2021-11-21,20.900853012698416,22.51461870546737,24.916608439153435,23.169150066666674,24.78511246825397
2021-11-28,21.180528361904766,22.72630022222222,24.96754049206349,23.330957933333337,24.832334277777775
2021-12-05,21.706349041269846,23.29868240388007,25.279410708994707,23.82687041333334,25.116728817460316
2021-12-12,21.915194987301593,23.784119458553793,25.696957814814812,24.0037904552381,25.309591751322753
2021-12-19,22.87941460317461,24.81684489770723,26.555338878306873,24.79283964761905,26.011024579365074
2021-12-26,23.789571993650796,25.703017848324517,27.61699271428571,25.714751386666666,27.0502789047619
2022-01-02,24.374279425396825,26.16673506349206,28.36388103174603,26.16536998857143,27.695918989417986
2022-01-09,23.173412720634925,24.93208907583774,27.518497275132273,25.166721718095243,26.955860677248676
2022-01-16,22.622571107936512,24.50251714638448,27.12271294708994,24.536004062857145,26.38842528042328
2022-01-23,23.241992812698417,25.41974841446208,27.87691194708994,25.2490256952381,27.020682494708996
2022-01-30,23.40302758412699,25.664963472663135,28.1181187037037,25.530823154285716,27.27933278571429
2022-02-06,23.28327001904762,25.24913055908289,27.618923671957663,25.28989945904762,26.86914560846561
2022-02-13,21.9855070984127,23.624605423280425,25.979939137566134,24.111387535238098,25.601303465608463
2022-02-20,22.1150064984127,23.912311680776014,26.27350574603174,24.329028929523815,25.846864174603173
2022-02-27,22.519259206349215,24.46446024338624,26.973657164021162,25.04572068571429,26.74469857936508
2022-03-06,23.088737063492065,24.964304758377423,27.479989190476186,25.426292702857143,27.164704066137563
2022-03-13,22.816637279365082,24.368092828924162,26.793112068783064,24.940516986666676,26.565259724867726
2022-03-20,21.95127815555556,23.321401375661377,25.56518944444444,24.019903380952385,25.47987128835979
2022-03-27,20.408044133333338,21.647616095238096,23.931570417989416,22.65933379238096,24.065395407407408
2022-04-03,19.23211978412699,20.4131052989418,22.65226291534391,21.582457377142862,22.891603351851852
2022-04-10,18.750304796825404,19.92549188624339,22.21340288888889,21.16237091238096,22.544737129629635
2022-04-17,18.021705820634924,19.250339985890655,21.416678571428566,20.3411511752381,21.738245816137564
2022-04-24,17.579412066666674,18.92423672398589,21.16138844444444,19.924867765714293,21.4473535515873
2022-05-01,17.902597314285718,19.417082567019403,21.777833666666663,20.35754260571429,21.88554348015873
2022-05-08,17.516457911111114,18.988125838624338,21.264489158730154,19.883288519047625,21.34200571957672
2022-05-15,16.86038076825397,18.13506712522046,20.155330026455022,19.01520104761905,20.269217679894183
2022-05-22,13.0486932968254,14.158068451675485,16.029658674603173,14.950815300190479,16.125774952380954
2022-05-29,13.320543263492068,14.517525482539682,16.51042854232804,15.511383064952385,16.692369992063494
2022-06-05,12.737430431746034,13.706236198589062,15.472514785714282,14.897709649714292,15.862433641534393
2022-06-12,13.710030000634925,14.639616114814814,16.333291341269838,15.993995891047623,16.898189583597883
2022-06-19,12.422794968571433,13.227297248853617,14.807264351851847,14.464474744380956,15.306883434126982
2022-06-26,13.769372170158732,14.890903540740743,16.69144685449735,15.920064936761909,16.957207022751323
2022-07-03,14.763009739365083,16.011596984126985,17.95364217724867,16.917327825714292,18.021775476190474
2022-07-10,16.59638247619048,18.118389680776016,20.305428420634914,18.932720536190484,20.101420604497353
2022-07-17,16.02746862539683,17.493598327160495,19.763266544973543,18.40469891809524,19.545988038359788
2022-07-24,16.80293257460318,18.26334137654321,20.395774267195762,19.151599574285715,20.2638441984127
2022-07-31,15.988045939682543,17.40263702910053,19.478911669312165,18.44184630952381,19.569726960317464
2022-08-07,15.96145915714286,17.469492048500882,19.623999227513224,18.545907801904765,19.829921419312168
2022-08-14,14.711953436190479,16.140770358906526,18.28416339682539,17.240294090476194,18.469127726190475
2022-08-21,13.934528071428574,15.211288622927688,17.197078447619045,16.218714460000005,17.385534487037035
2022-08-28,14.376018714285715,15.76142601005291,17.870325304761902,16.69347512190477,17.9561868984127
2022-09-04,14.32964768761905,15.748471039153438,18.077672098412695,17.008035238095243,18.372911906349206
2022-09-11,15.245439834920637,16.58524284479718,18.87166506349206,18.026598025714293,19.359759985449738
2022-09-18,14.702029496825398,15.901929894179894,17.960821719576717,17.215962199047624,18.350934005291005
2022-09-25,14.771936499682544,15.997107587301585,17.908641698412694,17.00249442761905,18.19320783068783
2022-10-02,14.634217213968256,16.07783203527337,17.96480597883598,16.749905350476194,17.928925030423276
2022-10-09,15.164542290158733,16.55420768430335,18.39969519047619,17.369935310476194,18.562031685185186
2022-10-16,16.248152095238098,17.462019488536153,19.09730962433862,18.318532434285718,19.331082436507938
2022-10-23,17.23573328730159,18.33285397266314,20.04025528571428,19.395300539047625,20.504143653439154
2022-10-30,18.37926626984127,19.633448526455023,21.680991084656082,20.696658510476198,22.065600976190478
2022-11-06,17.560345790476195,18.966647048500878,21.251664542328037,19.91241564190477,21.489791347883596
2022-11-13,17.557578939682543,19.096139988536155,21.630790970899465,20.006279236190483,21.776840548941802
2022-11-20,17.552284920634925,19.02944605908289,21.361040685185184,19.629975451428574,21.31221541137566
2022-11-27,19.75491231746032,21.18061775132275,23.3684276031746,21.65931644000001,23.241259206349202
2022-12-04,20.698895584126987,22.089611864197526,24.209375248677247,22.401535420952385,23.90184528835979
2022-12-11,21.94091777777778,23.372712791887125,25.54636952380952,23.617683480000007,25.087291005291007
2022-12-18,21.94759606984127,23.534900701940032,25.973294576719578,23.74335672571429,25.29932744179894
2022-12-25,21.763021228571432,23.390779160493825,25.805669650793646,23.49988868380953,24.976581211640212
2023-01-01,21.263964692063496,22.966362559082892,25.47049142328042,23.203820064761913,24.751023465608466
2023-01-08,20.970235533333334,22.709361765432096,25.10794995238095,22.919720011428577,24.45499274074074
2023-01-15,21.12580321587302,22.78351617636684,24.99387772486772,23.045850066666674,24.527604314814813
2023-01-22,20.947968025396825,22.612862372134035,24.604111428571425,22.685315114285718,24.088875333333334
2023-01-29,21.981273876190475,23.72107256084656,25.669094904761902,23.74511122476191,25.19814876719577
2023-02-05,21.997351834920636,23.745729497354493,25.705440502645498,23.699459560000005,25.068726238095238
2023-02-12,22.091586352380954,23.909340028218693,26.039266074074067,23.925796373333338,25.31883576190476
2023-02-19,20.83382144920635,22.369291343915346,24.434414169312166,22.519145788571432,23.73106006878307
2023-02-26,20.332440322222226,21.79949938095238,23.87277824338624,22.110586737142864,23.373599825396823
2023-03-05,19.81839573492064,21.049833781305114,22.91759494179894,21.536122754285717,22.69903044973545
2023-03-12,20.448789152380954,21.80819223280423,23.76017623280423,22.315959179047624,23.58163945502646
2023-03-19,21.24300763809524,22.70169461375661,24.575635455026454,23.057067266666667,24.28107367195767
2023-03-26,21.961618473015875,23.549063393298056,25.555119306878307,23.864198041904768,25.195760865079365
2023-04-02,21.62411086031746,23.264728137566134,25.403250174603173,23.78480705714286,25.230236558201057
2023-04-09,20.79600923809524,22.395870599647264,24.60393956084656,23.129217154285715,24.705394473544974
2023-04-16,19.843628882539686,21.386597306878304,23.492765925925923,22.10286913714286,23.650598066137565
2023-04-23,18.31902914920635,19.715343160493827,21.719926835978836,20.406951180000004,21.86204416931217
2023-04-30,17.497617419047618,18.9038429717813,20.978856126984123,19.61817507904762,21.06135927777778
2023-05-07,17.440411187301592,18.786052564373893,20.749768328042325,19.64726303714286,20.941796484126986
2023-05-14,16.905992442857144,18.234917861552024,20.077245571428566,19.196997069523814,20.428039186507938
2023-05-21,16.362656965079367,17.668669392416223,19.396501687830682,18.50396180476191,19.698719541005293
2023-05-28,15.533731155555557,16.943488002645502,18.830896788359784,17.841046768571434,19.12117440873016
2023-06-04,15.857668842857146,17.43330998765432,19.43234236507936,18.11602689333334,19.486181447089947
2023-06-11,16.161248098412702,17.780751409171074,19.898990830687826,18.582230878095245,19.99672194708995
2023-06-18,13.831175413968259,15.093852037037037,16.88300972222222,15.858848095238102,16.931244505291005
2023-06-25,13.716492963174607,14.891741126102291,16.67674659523809,15.74225916476191,16.721469044973546
2023-07-02,13.737201150476196,14.94129147530864,16.692896579365073,15.807939787619054,16.732114518518518
2023-07-09,15.586894080952385,17.12168116313933,19.32713739153439,17.95122849238096,19.31951220899471
2023-07-16,15.123528769523816,16.53514030564374,18.748087470899467,17.448921728571435,18.862873744708992
2023-07-23,14.735382467936516,16.08739236825397,18.275742227513224,17.072478759047623,18.43428000396825
2023-07-30,14.926013845714293,16.263443637213403,18.284736190476185,17.280071610476195,18.533888035714284
2023-08-06,16.406498506349212,18.029745451499114,20.10276949735449,18.799931607619047,20.183295351851854
2023-08-13,16.472852250793654,18.109236259259255,20.397563978835972,19.023757899047624,20.579049755291006
2023-08-20,16.500471519047625,18.119961911816574,20.456320301587294,19.065385013333337,20.647098205026452
2023-08-27,16.390130646031754,17.74833728835978,20.1502801058201,19.1447017952381,20.65359440079365
2023-09-03,16.74956334285715,18.126281171957668,20.63311011904762,19.48050355333334,21.077668788359787
2023-09-10,17.205880855555563,18.496225543209874,21.00511046296296,19.862994378095244,21.415427698412696
2023-09-17,17.399643849206356,18.74538034126984,21.174540145502643,19.88523652476191,21.32188845238095
2023-09-24,19.795338541269846,21.26918290299823,23.584106978835976,22.34222783714286,23.67293165873016
2023-10-01,20.354387322222227,22.069906809523804,24.56536037566137,23.306821273333338,24.784945671957672
2023-10-08,20.89250438253969,22.570296299823628,25.102123613756607,24.165234860952385,25.744084423280423
2023-10-15,19.05449871269842,20.52471133156966,23.059967179894176,22.28003971428572,23.847984626984125
2023-10-22,19.105422003174613,20.68325030335097,23.462917767195762,22.366355281904763,24.171425965608464
2023-10-29,19.109317326984137,20.687354627865957,23.4059184021164,21.9839992152381,23.847013224867723
2023-11-05,18.952316417460324,20.5128542398589,23.141699957671957,21.601554531428576,23.447393886243386
2023-11-12,20.13422267460318,21.45367975132275,23.67526156084656,22.349488449523818,23.874548420634923
2023-11-19,20.757273969841275,22.211284389770714,24.71589261375661,23.45451218476191,25.0351835
2023-11-26,21.785127939682543,23.239967737213394,25.609340259259255,24.210602918095244,25.711735936507935
2023-12-03,21.620164980952385,23.026870088183415,25.24405504232804,23.83518240380953,25.28516117724868
2023-12-10,21.384030194709002,22.77637364609053,24.704055701940035,23.098223360000006,24.365641666225752
2023-12-17,22.432555534391543,23.935021554379773,25.983668675485006,24.334931137142863,25.6481872164903
2023-12-24,22.628168549206354,24.127193548500873,26.301969798941798,24.600832090793656,25.995485414903
2023-12-31,22.792704475132282,24.173678285126396,26.27263099647266,24.682164523174606,26.071818264550263
2024-01-07,22.391274398148155,23.79875212860082,25.939571910493825,24.43266777126985,25.894667897486773
2024-01-14,22.698324996031754,24.14031484171075,26.294234109788352,24.88758666904762,26.28715649801587
2024-01-21,23.17894718968255,24.77563823148148,27.056395601851847,25.453530061428577,26.94451539484127
2024-01-28,21.739557777777787,23.41773562610229,25.776991005291,24.029641523809527,25.60214312169312
2024-02-04,21.267611428571435,23.223762081128744,25.63565026455026,23.656453142857146,25.409587566137564
2024-02-11,21.706129206349214,23.718275661375657,25.95687936507936,24.009961333333337,25.746549735449733
2024-02-18,23.052538095238102,24.988034391534388,27.101596825396825,25.320206095238103,26.94969126984127
2024-02-25,22.830162222222228,24.47748218694885,26.543051851851846,24.779644761904763,26.340594973544977
2024-03-03,22.636680000000002,24.168030864197522,26.352412698412696,24.664046095238103,26.327955820105824
2024-03-10,22.569163809523815,23.96375132275132,26.15092169312169,24.533014476190477,26.25632777777778
2024-03-17,23.198299047619056,24.72682045855379,27.11659047619047,25.47138571428572,27.330407671957673
2024-03-24,22.531000634920645,24.03829911816578,26.495951851851846,24.846949904761914,26.78573571428571
2024-03-31,22.416091746031753,23.997029453262783,26.489589417989418,24.631238666666672,26.6520246031746
2024-04-07,21.951644444444455,23.421092768959436,25.679771957671957,24.02254533333334,25.897228306878304
2024-04-14,21.9575180952381,23.418020458553787,25.638378306878305,23.933063809523816,25.7236873015873
2024-04-21,20.806197460317467,22.09433633156966,24.160101587301586,22.670488000000006,24.307099735449736
2024-04-28,20.347429841269847,21.554499294532622,23.642161904761902,22.264301142857146,23.89013148148148
2024-05-05,20.659580317460325,21.86272239858906,23.969712698412692,22.737348190476194,24.306675396825398
2024-05-12,21.85774667936509,23.04386116578483,25.148462179894178,24.157644695238094,25.712775330687833
2024-05-19,20.155889025396835,20.909461486772482,22.556579277777775,22.2151631752381,23.417775103174606
2024-05-26,17.868927547619055,18.30597234268077,19.623845169312165,19.58816875809524,20.54511858862434
2024-06-02,14.617308476825405,15.001634120105814,16.275265650793646,16.0641707352381,16.921044218253968
2024-06-09,15.283070575238101,16.28896448694885,18.115550140211635,17.110143874285722,18.294785980158732
2024-06-16,16.64973332285715,18.005691373544966,20.204038746031742,18.748552386666674,20.086040642857142
2024-06-23,18.82082031746032,20.32895961199294,22.911970370370366,21.388591047619055,22.95411798941799
2024-06-30,17.216678095238098,18.28942328042328,20.72763703703703,19.76830571428572,21.260018783068784
2024-07-07,15.794539047619054,16.62868906525573,18.90005555555555,18.47132952380953,19.915064285714283
2024-07-14,12.766093015873023,13.012989065255729,14.425848148148143,14.701596952380958,15.568319047619047
2024-07-21,13.565472380952388,14.011684303350966,15.288903703703701,15.31337352380953,16.10968306878307
2024-07-28,14.142753650793656,14.866849206349201,16.25738624338624,15.827147619047622,16.818802116402114
2024-08-04,16.647620000000007,17.97517407407407,19.99945661375661,18.902148571428572,20.304599470899472
2024-08-11,15.982552698412706,17.19389435626102,19.323728571428564,18.263489714285722,19.678255820105818
2024-08-18,15.53947460317461,16.658702998236325,18.739737037037035,17.831528761904767,19.04647751322751
2024-08-25,15.398503809523817,16.52852539682539,18.63271534391534,17.8445180952381,19.057915873015872
2024-09-01,16.208070476190482,17.53862592592592,19.664766666666665,18.754260761904767,20.019639417989417
2024-09-08,17.405880317460326,18.590890123456784,20.592865608465605,20.0258100952381,21.113529894179894
2024-09-15,18.972397777777783,20.07152768959435,21.970858201058196,21.496270476190478,22.47135132275132
2024-09-22,18.816220317460324,19.872609700176362,21.77979682539682,21.14448447619048,22.221024338624336
