data_iniSE,casos_41007,casos_41008,casos_41009,casos_41010,casos_41020
2010-01-17,1.3333333333333333,2.3333333333333335,33.0,11.333333333333334,19.666666666666668
2010-01-24,1.6666666666666667,3.3333333333333335,51.666666666666664,11.0,23.333333333333332
2010-01-31,1.0,2.6666666666666665,76.0,10.333333333333334,24.666666666666668
2010-02-07,1.0,2.6666666666666665,125.33333333333333,9.0,35.0
2010-02-14,0.6666666666666666,2.3333333333333335,219.33333333333334,12.0,49.0
2010-02-21,0.6666666666666666,5.0,336.0,30.333333333333332,72.33333333333333
2010-02-28,1.0,10.666666666666666,497.0,53.666666666666664,89.0
2010-03-07,0.6666666666666666,18.0,671.6666666666666,86.0,113.66666666666667
2010-03-14,1.3333333333333333,38.666666666666664,837.3333333333334,116.0,133.0
2010-03-21,1.0,68.66666666666667,1020.6666666666666,151.33333333333334,150.66666666666666
2010-03-28,1.3333333333333333,91.33333333333333,1115.3333333333333,176.66666666666666,174.33333333333334
2010-04-04,0.6666666666666666,99.0,1231.0,208.66666666666666,199.33333333333334
2010-04-11,0.6666666666666666,87.0,1220.3333333333333,213.33333333333334,199.66666666666666
2010-04-18,0.6666666666666666,70.0,1217.6666666666667,188.0,165.0
2010-04-25,1.0,52.666666666666664,1136.0,144.0,128.33333333333334
2010-05-02,0.6666666666666666,37.666666666666664,1063.0,115.66666666666667,108.66666666666667
2010-05-09,0.6666666666666666,30.666666666666668,891.3333333333334,97.0,91.66666666666667
2010-05-16,0.3333333333333333,20.0,635.0,65.33333333333333,62.333333333333336
2010-05-23,0.3333333333333333,12.0,358.0,35.666666666666664,35.333333333333336
2010-05-30,1.0,6.333333333333333,174.33333333333334,18.666666666666668,19.0
2010-06-06,1.0,4.0,104.0,17.666666666666668,13.0
2010-06-13,1.0,5.0,83.66666666666667,17.666666666666668,11.333333333333334
2010-06-20,0.0,5.666666666666667,77.66666666666667,20.0,11.333333333333334
2010-06-27,0.0,5.333333333333333,71.66666666666667,18.666666666666668,10.0
2010-07-04,0.0,3.0,61.666666666666664,14.666666666666666,7.0
2010-07-11,0.3333333333333333,1.3333333333333333,46.666666666666664,11.666666666666666,3.6666666666666665
2010-07-18,0.3333333333333333,1.0,32.666666666666664,10.0,3.6666666666666665
2010-07-25,0.3333333333333333,0.6666666666666666,18.0,7.333333333333333,3.6666666666666665
2010-08-01,0.0,1.3333333333333333,12.666666666666666,7.666666666666667,5.0
2010-08-08,0.0,1.3333333333333333,9.0,8.666666666666666,4.666666666666667
2010-08-15,0.0,1.6666666666666667,9.333333333333334,10.333333333333334,4.0
2010-08-22,0.0,0.6666666666666666,9.666666666666666,12.666666666666666,4.333333333333333
2010-08-29,0.0,0.3333333333333333,11.0,13.333333333333334,6.0
2010-09-05,0.0,0.0,10.0,14.0,5.666666666666667
2010-09-12,0.0,0.6666666666666666,11.0,11.333333333333334,6.0
2010-09-19,0.0,1.3333333333333333,11.0,10.333333333333334,3.6666666666666665
2010-09-26,0.3333333333333333,1.3333333333333333,11.666666666666666,8.666666666666666,4.0
2010-10-03,0.3333333333333333,1.0,9.333333333333334,8.666666666666666,3.0
2010-10-10,0.3333333333333333,0.6666666666666666,10.333333333333334,9.0,4.333333333333333
2010-10-17,0.0,1.6666666666666667,15.333333333333334,8.666666666666666,4.666666666666667
2010-10-24,0.0,1.3333333333333333,28.666666666666668,8.666666666666666,4.333333333333333
2010-10-31,0.0,1.3333333333333333,34.333333333333336,7.333333333333333,3.6666666666666665
2010-11-07,0.0,1.3333333333333333,39.0,9.666666666666666,3.0
2010-11-14,0.0,2.3333333333333335,40.333333333333336,10.333333333333334,3.6666666666666665
2010-11-21,0.0,2.0,46.0,11.666666666666666,4.333333333333333
2010-11-28,0.0,1.0,45.666666666666664,12.0,4.666666666666667
2010-12-05,0.0,1.3333333333333333,65.33333333333333,14.0,5.666666666666667
2010-12-12,0.0,3.3333333333333335,100.66666666666667,14.333333333333334,5.333333333333333
2010-12-19,0.0,5.666666666666667,122.0,13.0,6.333333333333333
2010-12-26,0.0,8.666666666666666,111.33333333333333,13.0,10.0
2011-01-02,0.0,13.0,93.66666666666667,20.0,14.333333333333334
2011-01-09,0.0,16.0,92.66666666666667,27.666666666666668,19.0
2011-01-16,0.6666666666666666,14.0,109.66666666666667,31.666666666666668,19.333333333333332
2011-01-23,1.0,12.666666666666666,131.0,33.666666666666664,22.333333333333332
2011-01-30,1.3333333333333333,10.0,151.66666666666666,39.333333333333336,30.0
2011-02-06,1.3333333333333333,12.666666666666666,170.33333333333334,46.666666666666664,37.666666666666664
2011-02-13,1.6666666666666667,13.333333333333334,210.66666666666666,61.333333333333336,49.0
2011-02-20,2.0,21.0,292.6666666666667,86.0,49.333333333333336
2011-02-27,1.6666666666666667,22.0,414.3333333333333,107.66666666666667,66.33333333333333
2011-03-06,2.3333333333333335,28.0,535.6666666666666,124.0,79.0
2011-03-13,3.3333333333333335,28.666666666666668,673.6666666666666,140.0,98.66666666666667
2011-03-20,3.3333333333333335,32.333333333333336,864.0,159.0,106.33333333333333
2011-03-27,2.0,32.0,1004.0,153.66666666666666,105.0
2011-04-03,0.3333333333333333,29.666666666666668,1019.3333333333334,146.33333333333334,93.33333333333333
2011-04-10,0.6666666666666666,26.666666666666668,825.3333333333334,132.33333333333334,68.66666666666667
2011-04-17,0.6666666666666666,21.666666666666668,577.3333333333334,121.66666666666667,51.333333333333336
2011-04-24,0.6666666666666666,24.0,378.3333333333333,95.66666666666667,42.0
2011-05-01,0.0,25.666666666666668,271.3333333333333,76.66666666666667,40.0
2011-05-08,0.3333333333333333,27.0,217.0,66.66666666666667,33.333333333333336
2011-05-15,0.6666666666666666,25.0,168.0,54.0,24.0
2011-05-22,1.3333333333333333,20.333333333333332,126.33333333333333,36.666666666666664,15.333333333333334
2011-05-29,1.0,13.666666666666666,94.33333333333333,24.666666666666668,9.333333333333334
2011-06-05,0.6666666666666666,6.666666666666667,62.666666666666664,18.666666666666668,7.333333333333333
2011-06-12,0.0,5.333333333333333,42.0,17.0,4.333333333333333
2011-06-19,0.0,6.333333333333333,26.666666666666668,13.666666666666666,3.3333333333333335
2011-06-26,0.3333333333333333,5.333333333333333,18.666666666666668,10.666666666666666,1.6666666666666667
2011-07-03,0.3333333333333333,4.0,12.333333333333334,6.333333333333333,1.6666666666666667
2011-07-10,0.3333333333333333,4.0,10.666666666666666,5.666666666666667,1.3333333333333333
2011-07-17,0.3333333333333333,3.6666666666666665,13.333333333333334,6.333333333333333,3.0
2011-07-24,0.3333333333333333,5.666666666666667,15.0,7.333333333333333,4.333333333333333
2011-07-31,0.6666666666666666,4.333333333333333,12.666666666666666,8.333333333333334,4.0
2011-08-07,0.3333333333333333,5.0,14.666666666666666,9.0,2.6666666666666665
2011-08-14,0.3333333333333333,4.0,15.333333333333334,12.0,3.0
2011-08-21,0.0,3.6666666666666665,17.333333333333332,11.333333333333334,4.0
2011-08-28,0.0,2.6666666666666665,21.333333333333332,11.666666666666666,4.333333333333333
2011-09-04,0.0,1.3333333333333333,23.333333333333332,11.0,3.3333333333333335
2011-09-11,0.0,2.0,27.333333333333332,11.666666666666666,5.0
2011-09-18,0.0,2.0,25.333333333333332,10.333333333333334,5.666666666666667
2011-09-25,0.0,3.6666666666666665,31.0,10.0,10.0
2011-10-02,0.0,4.0,37.333333333333336,8.666666666666666,10.0
2011-10-09,0.0,4.666666666666667,43.666666666666664,10.333333333333334,13.0
2011-10-16,0.3333333333333333,4.666666666666667,52.666666666666664,14.333333333333334,14.0
2011-10-23,0.3333333333333333,5.333333333333333,51.0,20.0,13.666666666666666
2011-10-30,0.3333333333333333,5.333333333333333,50.666666666666664,21.666666666666668,11.666666666666666
2011-11-06,0.3333333333333333,4.333333333333333,40.666666666666664,23.0,11.666666666666666
2011-11-13,0.6666666666666666,5.333333333333333,50.333333333333336,26.333333333333332,14.0
2011-11-20,1.3333333333333333,8.333333333333334,81.66666666666667,32.333333333333336,17.666666666666668
2011-11-27,1.6666666666666667,10.666666666666666,114.0,37.666666666666664,17.666666666666668
2011-12-04,1.3333333333333333,12.666666666666666,136.33333333333334,43.0,21.0
2011-12-11,0.6666666666666666,15.0,144.0,42.333333333333336,22.0
2011-12-18,0.3333333333333333,13.666666666666666,128.33333333333334,35.0,20.666666666666668
2011-12-25,0.6666666666666666,11.0,108.33333333333333,26.333333333333332,16.0
2012-01-01,0.6666666666666666,12.333333333333334,81.66666666666667,27.0,17.333333333333332
2012-01-08,0.6666666666666666,14.0,78.33333333333333,30.666666666666668,22.333333333333332
2012-01-15,0.6666666666666666,14.0,75.33333333333333,32.0,27.0
2012-01-22,1.3333333333333333,12.333333333333334,65.33333333333333,25.0,25.333333333333332
2012-01-29,2.0,21.0,58.0,21.666666666666668,18.666666666666668
2012-02-05,1.6666666666666667,30.0,52.333333333333336,18.333333333333332,17.333333333333332
2012-02-12,2.0,49.0,47.333333333333336,16.666666666666668,16.666666666666668
2012-02-19,1.3333333333333333,63.333333333333336,47.0,16.666666666666668,20.333333333333332
2012-02-26,3.3333333333333335,106.0,46.333333333333336,22.666666666666668,22.333333333333332
2012-03-04,4.0,141.33333333333334,49.666666666666664,35.0,34.333333333333336
2012-03-11,5.0,176.0,49.0,40.333333333333336,42.333333333333336
2012-03-18,4.0,171.0,47.666666666666664,42.666666666666664,47.666666666666664
2012-03-25,3.6666666666666665,142.33333333333334,45.333333333333336,39.0,36.0
2012-04-01,2.3333333333333335,110.66666666666667,37.666666666666664,35.666666666666664,31.333333333333332
2012-04-08,1.3333333333333333,80.33333333333333,37.333333333333336,36.0,29.0
2012-04-15,0.0,63.666666666666664,35.333333333333336,37.333333333333336,36.333333333333336
2012-04-22,0.0,39.666666666666664,37.333333333333336,37.666666666666664,34.666666666666664
2012-04-29,0.3333333333333333,27.666666666666668,32.333333333333336,38.333333333333336,29.333333333333332
2012-05-06,0.3333333333333333,17.666666666666668,34.666666666666664,36.333333333333336,21.333333333333332
2012-05-13,0.6666666666666666,16.0,30.333333333333332,33.666666666666664,19.0
2012-05-20,0.6666666666666666,12.0,29.0,25.666666666666668,16.0
2012-05-27,0.6666666666666666,9.0,20.666666666666668,23.666666666666668,13.666666666666666
2012-06-03,0.3333333333333333,5.666666666666667,18.0,21.0,9.0
2012-06-10,0.3333333333333333,3.0,14.666666666666666,22.333333333333332,9.333333333333334
2012-06-17,1.0,3.0,14.333333333333334,19.333333333333332,7.333333333333333
2012-06-24,1.0,3.0,15.0,19.333333333333332,7.666666666666667
2012-07-01,0.6666666666666666,3.3333333333333335,12.333333333333334,14.666666666666666,6.333333333333333
2012-07-08,0.0,1.3333333333333333,10.0,10.666666666666666,4.666666666666667
2012-07-15,0.0,0.6666666666666666,4.666666666666667,8.666666666666666,3.3333333333333335
2012-07-22,0.0,1.0,3.6666666666666665,7.666666666666667,1.3333333333333333
2012-07-29,0.0,1.3333333333333333,3.3333333333333335,8.333333333333334,2.3333333333333335
2012-08-05,0.0,1.0,5.0,8.0,3.0
2012-08-12,0.0,0.6666666666666666,5.333333333333333,8.333333333333334,3.3333333333333335
2012-08-19,0.0,0.3333333333333333,6.333333333333333,7.333333333333333,2.0
2012-08-26,0.0,0.3333333333333333,7.0,6.333333333333333,1.0
2012-09-02,0.0,0.3333333333333333,8.0,4.666666666666667,0.6666666666666666
2012-09-09,0.0,0.3333333333333333,8.666666666666666,3.6666666666666665,2.0
2012-09-16,0.0,1.0,9.666666666666666,4.0,2.3333333333333335
2012-09-23,0.0,0.6666666666666666,9.0,4.333333333333333,2.6666666666666665
2012-09-30,0.0,1.3333333333333333,11.333333333333334,4.0,2.3333333333333335
2012-10-07,0.0,1.3333333333333333,11.0,6.666666666666667,2.6666666666666665
2012-10-14,0.0,2.0,11.333333333333334,10.333333333333334,2.0
2012-10-21,0.0,1.3333333333333333,8.333333333333334,10.666666666666666,2.3333333333333335
2012-10-28,0.0,0.6666666666666666,8.333333333333334,9.333333333333334,2.6666666666666665
2012-11-04,0.3333333333333333,0.0,11.0,9.333333333333334,5.0
2012-11-11,0.6666666666666666,0.6666666666666666,12.0,13.333333333333334,5.333333333333333
2012-11-18,0.6666666666666666,1.3333333333333333,17.0,14.0,6.0
2012-11-25,1.0,3.0,19.333333333333332,11.666666666666666,4.0
2012-12-02,1.0,3.6666666666666665,26.666666666666668,10.0,5.333333333333333
2012-12-09,1.0,4.333333333333333,30.0,10.666666666666666,4.666666666666667
2012-12-16,0.6666666666666666,5.0,33.0,12.0,5.666666666666667
2012-12-23,0.3333333333333333,5.333333333333333,34.333333333333336,12.333333333333334,6.0
2012-12-30,1.0,7.666666666666667,48.333333333333336,20.0,14.333333333333334
2013-01-06,2.3333333333333335,9.0,63.666666666666664,29.333333333333332,25.0
2013-01-13,5.0,14.333333333333334,80.33333333333333,44.333333333333336,41.666666666666664
2013-01-20,6.666666666666667,23.333333333333332,95.0,56.333333333333336,63.666666666666664
2013-01-27,6.333333333333333,38.666666666666664,109.33333333333333,70.0,99.33333333333333
2013-02-03,5.0,55.333333333333336,137.66666666666666,71.66666666666667,132.66666666666666
2013-02-10,3.0,66.66666666666667,147.66666666666666,79.66666666666667,176.66666666666666
2013-02-17,3.6666666666666665,105.0,175.33333333333334,94.0,220.0
2013-02-24,3.0,154.33333333333334,211.66666666666666,124.0,285.3333333333333
2013-03-03,3.3333333333333335,198.66666666666666,284.0,149.0,335.3333333333333
2013-03-10,2.6666666666666665,203.66666666666666,418.6666666666667,171.66666666666666,373.3333333333333
2013-03-17,3.3333333333333335,181.33333333333334,543.3333333333334,178.0,400.0
2013-03-24,3.6666666666666665,173.33333333333334,600.6666666666666,172.66666666666666,407.6666666666667
2013-03-31,3.6666666666666665,159.0,597.6666666666666,173.66666666666666,407.0
2013-04-07,4.0,157.66666666666666,581.6666666666666,170.66666666666666,384.0
2013-04-14,3.0,144.66666666666666,582.0,175.66666666666666,375.6666666666667
2013-04-21,2.6666666666666665,126.66666666666667,506.0,158.0,331.3333333333333
2013-04-28,1.0,99.66666666666667,389.6666666666667,135.0,258.0
2013-05-05,1.0,68.66666666666667,278.6666666666667,98.66666666666667,176.33333333333334
2013-05-12,0.3333333333333333,48.666666666666664,199.33333333333334,65.33333333333333,118.33333333333333
2013-05-19,0.3333333333333333,38.333333333333336,150.66666666666666,52.0,91.66666666666667
2013-05-26,0.3333333333333333,29.666666666666668,113.33333333333333,44.0,68.0
2013-06-02,0.0,24.0,94.0,40.333333333333336,56.0
2013-06-09,0.0,14.0,73.33333333333333,32.333333333333336,44.666666666666664
2013-06-16,0.0,7.333333333333333,52.333333333333336,25.0,33.333333333333336
2013-06-23,0.0,5.333333333333333,34.666666666666664,17.666666666666668,27.333333333333332
2013-06-30,0.0,4.666666666666667,28.0,14.0,24.0
2013-07-07,0.0,5.0,27.333333333333332,13.0,21.0
2013-07-14,0.0,4.0,23.0,14.333333333333334,15.666666666666666
2013-07-21,0.3333333333333333,3.6666666666666665,14.333333333333334,12.0,10.666666666666666
2013-07-28,0.3333333333333333,3.6666666666666665,9.666666666666666,12.666666666666666,8.333333333333334
2013-08-04,0.6666666666666666,3.3333333333333335,11.0,13.666666666666666,9.0
2013-08-11,0.3333333333333333,2.6666666666666665,14.0,12.333333333333334,8.333333333333334
2013-08-18,0.3333333333333333,1.3333333333333333,13.666666666666666,10.0,6.333333333333333
2013-08-25,0.0,0.6666666666666666,13.0,6.666666666666667,4.666666666666667
2013-09-01,0.0,1.0,18.333333333333332,6.0,5.666666666666667
2013-09-08,0.0,1.3333333333333333,29.333333333333332,5.0,6.333333333333333
2013-09-15,0.0,2.0,31.666666666666668,6.666666666666667,6.666666666666667
2013-09-22,0.0,2.0,29.0,8.333333333333334,6.0
2013-09-29,0.0,2.0,23.666666666666668,11.333333333333334,6.333333333333333
2013-10-06,0.0,2.3333333333333335,29.0,13.333333333333334,5.666666666666667
2013-10-13,0.3333333333333333,2.6666666666666665,35.0,16.666666666666668,6.666666666666667
2013-10-20,0.3333333333333333,4.0,46.666666666666664,17.333333333333332,7.0
2013-10-27,1.0,6.333333333333333,61.333333333333336,16.0,9.333333333333334
2013-11-03,0.6666666666666666,10.0,77.66666666666667,15.333333333333334,11.0
2013-11-10,1.3333333333333333,11.0,81.0,17.333333333333332,13.0
2013-11-17,0.6666666666666666,8.333333333333334,78.33333333333333,19.333333333333332,17.666666666666668
2013-11-24,0.6666666666666666,6.666666666666667,68.33333333333333,20.333333333333332,23.0
2013-12-01,0.0,5.666666666666667,62.333333333333336,20.0,27.666666666666668
2013-12-08,0.3333333333333333,7.333333333333333,58.333333333333336,21.0,28.333333333333332
2013-12-15,1.0,7.0,54.666666666666664,22.0,24.333333333333332
2013-12-22,1.0,6.666666666666667,49.333333333333336,20.333333333333332,23.666666666666668
2013-12-29,0.6666666666666666,4.0,36.0,16.666666666666668,16.333333333333332
2014-01-05,0.0,4.0,33.666666666666664,20.0,14.666666666666666
2014-01-12,0.3333333333333333,6.666666666666667,32.333333333333336,26.0,16.0
2014-01-19,1.0,11.666666666666666,43.0,32.666666666666664,26.0
2014-01-26,1.0,14.666666666666666,45.666666666666664,37.666666666666664,35.0
2014-02-02,1.3333333333333333,14.333333333333334,47.0,40.0,44.333333333333336
2014-02-09,1.0,13.666666666666666,41.666666666666664,40.333333333333336,56.333333333333336
2014-02-16,1.0,13.0,33.0,34.666666666666664,71.33333333333333
2014-02-23,0.3333333333333333,13.666666666666666,27.0,28.333333333333332,91.66666666666667
2014-03-02,0.0,12.0,27.0,24.0,111.0
2014-03-09,0.3333333333333333,10.0,34.666666666666664,19.666666666666668,132.0
2014-03-16,1.3333333333333333,8.0,46.0,19.0,170.33333333333334
2014-03-23,1.6666666666666667,8.666666666666666,64.0,20.0,201.66666666666666
2014-03-30,1.6666666666666667,11.333333333333334,80.33333333333333,23.666666666666668,237.66666666666666
2014-04-06,1.3333333333333333,14.0,87.0,28.333333333333332,230.66666666666666
2014-04-13,1.6666666666666667,14.0,76.66666666666667,31.666666666666668,196.33333333333334
2014-04-20,2.0,11.333333333333334,69.0,30.0,155.33333333333334
2014-04-27,1.3333333333333333,8.666666666666666,68.33333333333333,30.333333333333332,153.0
2014-05-04,0.6666666666666666,7.0,82.66666666666667,34.0,179.66666666666666
2014-05-11,0.3333333333333333,5.333333333333333,84.0,40.0,188.33333333333334
2014-05-18,0.3333333333333333,3.6666666666666665,82.66666666666667,39.666666666666664,172.66666666666666
2014-05-25,1.0,2.6666666666666665,62.0,31.333333333333332,133.0
2014-06-01,0.6666666666666666,3.0,48.666666666666664,25.333333333333332,93.0
2014-06-08,1.0,3.6666666666666665,38.333333333333336,19.333333333333332,58.333333333333336
2014-06-15,0.6666666666666666,4.333333333333333,36.333333333333336,18.0,48.0
2014-06-22,1.0,4.0,37.666666666666664,17.0,52.333333333333336
2014-06-29,0.6666666666666666,3.3333333333333335,31.333333333333332,19.0,47.666666666666664
2014-07-06,0.6666666666666666,3.3333333333333335,27.666666666666668,22.0,40.666666666666664
2014-07-13,0.3333333333333333,3.3333333333333335,20.666666666666668,22.666666666666668,49.0
2014-07-20,0.3333333333333333,4.333333333333333,17.666666666666668,19.666666666666668,50.666666666666664
2014-07-27,0.3333333333333333,3.6666666666666665,15.666666666666666,18.666666666666668,45.666666666666664
2014-08-03,0.6666666666666666,3.0,15.666666666666666,16.666666666666668,26.0
2014-08-10,0.6666666666666666,1.3333333333333333,16.666666666666668,17.333333333333332,47.0
2014-08-17,0.6666666666666666,1.3333333333333333,16.0,15.333333333333334,56.333333333333336
2014-08-24,1.0,1.0,14.666666666666666,14.333333333333334,56.333333333333336
2014-08-31,1.0,2.0,17.333333333333332,13.333333333333334,25.333333333333332
2014-09-07,1.0,1.6666666666666667,19.333333333333332,12.333333333333334,20.666666666666668
2014-09-14,0.3333333333333333,1.6666666666666667,19.333333333333332,11.0,20.333333333333332
2014-09-21,0.3333333333333333,0.6666666666666666,13.333333333333334,11.0,18.333333333333332
2014-09-28,0.3333333333333333,2.0,13.333333333333334,9.666666666666666,16.0
2014-10-05,1.0,2.6666666666666665,14.666666666666666,12.0,15.666666666666666
2014-10-12,1.3333333333333333,4.0,18.666666666666668,15.666666666666666,17.666666666666668
2014-10-19,1.0,3.6666666666666665,20.0,21.666666666666668,18.666666666666668
2014-10-26,0.3333333333333333,4.0,20.0,25.666666666666668,19.0
2014-11-02,0.6666666666666666,3.6666666666666665,20.0,24.0,18.666666666666668
2014-11-09,1.6666666666666667,3.3333333333333335,19.333333333333332,26.0,16.666666666666668
2014-11-16,2.3333333333333335,2.6666666666666665,21.0,22.666666666666668,15.0
2014-11-23,1.6666666666666667,2.6666666666666665,23.0,30.333333333333332,14.0
2014-11-30,1.3333333333333333,2.3333333333333335,22.333333333333332,28.0,15.666666666666666
2014-12-07,1.0,2.6666666666666665,28.666666666666668,32.333333333333336,16.666666666666668
2014-12-14,1.0,2.0,26.666666666666668,27.666666666666668,15.333333333333334
2014-12-21,0.3333333333333333,1.6666666666666667,27.666666666666668,24.0,10.666666666666666
2014-12-28,0.0,1.3333333333333333,15.666666666666666,16.0,8.333333333333334
2015-01-04,0.0,4.0,18.0,16.333333333333332,14.0
2015-01-11,0.0,6.666666666666667,19.0,20.666666666666668,16.0
2015-01-18,0.3333333333333333,10.666666666666666,28.333333333333332,27.333333333333332,20.0
2015-01-25,1.3333333333333333,12.666666666666666,34.0,24.333333333333332,25.0
2015-02-01,2.3333333333333335,17.333333333333332,35.666666666666664,30.333333333333332,33.666666666666664
2015-02-08,2.3333333333333335,16.666666666666668,43.333333333333336,36.666666666666664,52.333333333333336
2015-02-15,1.3333333333333333,20.0,53.0,47.666666666666664,73.66666666666667
2015-02-22,1.3333333333333333,35.666666666666664,78.66666666666667,59.666666666666664,105.0
2015-03-01,5.0,90.0,100.33333333333333,71.0,157.33333333333334
2015-03-08,11.666666666666666,176.0,141.33333333333334,103.33333333333333,257.6666666666667
2015-03-15,22.0,271.0,204.33333333333334,152.0,433.6666666666667
2015-03-22,28.0,338.3333333333333,294.3333333333333,212.0,580.6666666666666
2015-03-29,29.333333333333332,356.0,397.6666666666667,240.33333333333334,671.0
2015-04-05,22.666666666666668,334.6666666666667,507.6666666666667,240.66666666666666,699.3333333333334
2015-04-12,16.666666666666668,260.0,551.0,232.33333333333334,653.6666666666666
2015-04-19,17.333333333333332,194.33333333333334,567.0,222.33333333333334,560.3333333333334
2015-04-26,23.0,137.66666666666666,563.6666666666666,214.33333333333334,415.3333333333333
2015-05-03,27.333333333333332,116.0,560.0,188.66666666666666,316.6666666666667
2015-05-10,25.333333333333332,91.33333333333333,487.6666666666667,175.33333333333334,235.33333333333334
2015-05-17,20.0,68.66666666666667,393.3333333333333,148.33333333333334,177.0
2015-05-24,13.333333333333334,48.0,315.0,121.0,131.33333333333334
2015-05-31,9.666666666666666,33.333333333333336,281.3333333333333,87.33333333333333,107.66666666666667
2015-06-07,6.666666666666667,25.0,232.33333333333334,72.66666666666667,81.33333333333333
2015-06-14,7.333333333333333,24.333333333333332,180.66666666666666,65.66666666666667,64.66666666666667
2015-06-21,6.0,22.333333333333332,131.0,60.0,49.333333333333336
2015-06-28,7.0,16.666666666666668,89.33333333333333,40.666666666666664,37.0
2015-07-05,5.333333333333333,11.333333333333334,65.33333333333333,30.0,24.0
2015-07-12,4.666666666666667,9.333333333333334,54.0,24.666666666666668,18.333333333333332
2015-07-19,3.0,9.0,48.666666666666664,30.0,17.0
2015-07-26,2.3333333333333335,10.333333333333334,55.0,40.666666666666664,19.666666666666668
2015-08-02,2.0,11.666666666666666,57.333333333333336,46.666666666666664,18.666666666666668
2015-08-09,0.6666666666666666,11.333333333333334,55.333333333333336,44.333333333333336,16.666666666666668
2015-08-16,0.6666666666666666,9.0,47.666666666666664,35.333333333333336,12.333333333333334
2015-08-23,2.3333333333333335,6.333333333333333,37.666666666666664,29.0,10.666666666666666
2015-08-30,2.6666666666666665,6.333333333333333,34.0,26.333333333333332,9.0
2015-09-06,2.6666666666666665,8.666666666666666,27.333333333333332,24.333333333333332,7.666666666666667
2015-09-13,0.6666666666666666,9.0,24.0,22.0,9.333333333333334
2015-09-20,1.3333333333333333,9.333333333333334,20.333333333333332,22.0,12.666666666666666
2015-09-27,1.6666666666666667,9.333333333333334,18.666666666666668,21.333333333333332,14.666666666666666
2015-10-04,2.3333333333333335,10.333333333333334,19.666666666666668,21.0,19.333333333333332
2015-10-11,1.6666666666666667,11.666666666666666,25.666666666666668,22.333333333333332,19.333333333333332
2015-10-18,1.6666666666666667,11.0,37.333333333333336,23.333333333333332,18.333333333333332
2015-10-25,0.6666666666666666,12.666666666666666,49.0,27.666666666666668,11.0
2015-11-01,1.0,14.0,58.333333333333336,30.666666666666668,12.0
2015-11-08,1.3333333333333333,17.333333333333332,59.333333333333336,28.333333333333332,17.0
2015-11-15,4.333333333333333,18.333333333333332,69.33333333333333,25.666666666666668,19.0
2015-11-22,5.666666666666667,20.666666666666668,92.0,27.0,19.666666666666668
2015-11-29,6.666666666666667,24.666666666666668,130.33333333333334,34.666666666666664,23.666666666666668
2015-12-06,4.666666666666667,29.333333333333332,178.66666666666666,45.0,27.333333333333332
2015-12-13,4.666666666666667,34.666666666666664,188.0,52.666666666666664,29.0
2015-12-20,6.0,36.0,171.33333333333334,53.666666666666664,27.0
2015-12-27,7.666666666666667,35.0,118.33333333333333,52.666666666666664,26.666666666666668
2016-01-03,11.333333333333334,40.333333333333336,141.66666666666666,74.33333333333333,50.333333333333336
2016-01-10,12.666666666666666,57.666666666666664,257.3333333333333,106.66666666666667,90.33333333333333
2016-01-17,19.666666666666668,87.66666666666667,509.6666666666667,143.0,122.33333333333333
2016-01-24,26.666666666666668,96.66666666666667,781.3333333333334,162.33333333333334,143.66666666666666
2016-01-31,35.333333333333336,105.0,1004.3333333333334,182.0,151.0
2016-02-07,42.333333333333336,118.0,1234.0,218.66666666666666,177.0
2016-02-14,47.0,160.66666666666666,1450.6666666666667,273.3333333333333,205.0
2016-02-21,53.666666666666664,220.0,1754.0,344.3333333333333,247.33333333333334
2016-02-28,57.666666666666664,290.3333333333333,1917.3333333333333,416.0,309.0
2016-03-06,64.33333333333333,327.6666666666667,1872.0,457.0,339.0
2016-03-13,64.66666666666667,336.6666666666667,1610.3333333333333,440.6666666666667,328.3333333333333
2016-03-20,59.333333333333336,286.6666666666667,1319.3333333333333,412.0,293.3333333333333
2016-03-27,56.333333333333336,295.3333333333333,1154.3333333333333,430.0,299.3333333333333
2016-04-03,65.66666666666667,301.6666666666667,1034.6666666666667,467.6666666666667,316.0
2016-04-10,82.0,359.6666666666667,906.0,498.6666666666667,331.3333333333333
2016-04-17,75.0,383.6666666666667,803.6666666666666,449.6666666666667,282.6666666666667
2016-04-24,51.666666666666664,339.0,610.0,369.0,229.0
2016-05-01,26.666666666666668,242.66666666666666,419.6666666666667,245.66666666666666,159.0
2016-05-08,18.333333333333332,124.0,219.0,157.0,114.0
2016-05-15,17.333333333333332,69.33333333333333,140.33333333333334,105.66666666666667,75.33333333333333
2016-05-22,11.0,43.333333333333336,96.66666666666667,82.0,44.0
2016-05-29,7.0,28.0,56.0,56.0,26.0
2016-06-05,2.3333333333333335,19.333333333333332,32.666666666666664,36.0,13.666666666666666
2016-06-12,3.0,13.333333333333334,23.666666666666668,33.666666666666664,11.0
2016-06-19,1.6666666666666667,8.666666666666666,18.0,29.666666666666668,7.333333333333333
2016-06-26,1.3333333333333333,5.333333333333333,16.0,29.333333333333332,7.666666666666667
2016-07-03,0.3333333333333333,3.6666666666666665,12.0,20.0,8.0
2016-07-10,0.6666666666666666,3.3333333333333335,11.666666666666666,17.0,9.333333333333334
2016-07-17,0.6666666666666666,4.666666666666667,10.666666666666666,15.333333333333334,10.333333333333334
2016-07-24,0.6666666666666666,7.333333333333333,12.666666666666666,14.666666666666666,10.0
2016-07-31,0.3333333333333333,7.0,12.666666666666666,17.333333333333332,9.0
2016-08-07,0.6666666666666666,8.0,14.333333333333334,16.333333333333332,8.333333333333334
2016-08-14,1.0,6.666666666666667,13.666666666666666,16.333333333333332,7.666666666666667
2016-08-21,1.0,8.333333333333334,16.333333333333332,15.0,7.333333333333333
2016-08-28,1.3333333333333333,8.0,16.333333333333332,17.0,9.333333333333334
2016-09-04,1.0,8.0,17.666666666666668,18.0,11.0
2016-09-11,0.6666666666666666,10.333333333333334,19.0,19.333333333333332,16.666666666666668
2016-09-18,0.3333333333333333,10.333333333333334,18.333333333333332,18.666666666666668,19.333333333333332
2016-09-25,2.0,12.666666666666666,23.333333333333332,20.333333333333332,22.666666666666668
2016-10-02,2.3333333333333335,12.333333333333334,25.0,16.666666666666668,21.333333333333332
2016-10-09,2.6666666666666665,16.666666666666668,35.333333333333336,18.333333333333332,23.666666666666668
2016-10-16,2.3333333333333335,20.333333333333332,42.0,21.0,20.666666666666668
2016-10-23,3.0,26.666666666666668,45.0,28.0,17.0
2016-10-30,3.0,28.333333333333332,47.0,30.666666666666668,16.0
2016-11-06,4.333333333333333,27.333333333333332,38.0,30.333333333333332,15.333333333333334
2016-11-13,3.6666666666666665,22.333333333333332,39.333333333333336,27.666666666666668,18.333333333333332
2016-11-20,6.0,22.666666666666668,43.333333333333336,34.0,19.0
2016-11-27,6.666666666666667,24.333333333333332,60.333333333333336,33.0,22.666666666666668
2016-12-04,10.0,27.0,67.0,39.666666666666664,24.333333333333332
2016-12-11,9.0,23.333333333333332,73.66666666666667,36.0,22.333333333333332
2016-12-18,9.666666666666666,18.333333333333332,68.0,39.0,20.666666666666668
2016-12-25,9.333333333333334,22.0,77.0,45.0,24.666666666666668
2017-01-01,10.666666666666666,27.666666666666668,68.0,52.333333333333336,25.666666666666668
2017-01-08,10.333333333333334,35.0,79.66666666666667,57.666666666666664,28.0
2017-01-15,9.0,35.333333333333336,67.66666666666667,51.666666666666664,27.0
2017-01-22,9.0,36.666666666666664,68.33333333333333,45.333333333333336,26.333333333333332
2017-01-29,7.666666666666667,34.333333333333336,54.666666666666664,38.666666666666664,24.666666666666668
2017-02-05,8.333333333333334,29.0,53.333333333333336,33.333333333333336,18.666666666666668
2017-02-12,7.0,24.666666666666668,55.0,29.333333333333332,19.333333333333332
2017-02-19,6.0,24.0,56.333333333333336,26.666666666666668,17.666666666666668
2017-02-26,5.0,23.666666666666668,64.33333333333333,28.0,17.333333333333332
2017-03-05,6.0,26.666666666666668,68.66666666666667,28.333333333333332,14.666666666666666
2017-03-12,8.0,24.666666666666668,76.66666666666667,34.333333333333336,16.333333333333332
2017-03-19,8.0,21.333333333333332,77.33333333333333,31.0,22.666666666666668
2017-03-26,7.333333333333333,15.333333333333334,72.66666666666667,31.333333333333332,24.0
2017-04-02,7.333333333333333,11.333333333333334,63.0,23.666666666666668,19.666666666666668
2017-04-09,6.666666666666667,9.333333333333334,52.0,23.666666666666668,15.0
2017-04-16,5.333333333333333,7.0,50.333333333333336,22.333333333333332,11.666666666666666
2017-04-23,2.3333333333333335,6.666666666666667,44.0,20.0,11.333333333333334
2017-04-30,2.0,6.0,42.666666666666664,17.333333333333332,10.666666666666666
2017-05-07,2.0,5.0,36.333333333333336,16.666666666666668,11.0
2017-05-14,2.6666666666666665,4.666666666666667,38.333333333333336,18.333333333333332,13.333333333333334
2017-05-21,3.0,6.666666666666667,38.0,21.333333333333332,11.666666666666666
2017-05-28,2.3333333333333335,8.333333333333334,32.666666666666664,18.333333333333332,11.0
2017-06-04,2.3333333333333335,8.333333333333334,26.0,17.0,8.333333333333334
2017-06-11,1.3333333333333333,6.0,18.333333333333332,12.666666666666666,6.666666666666667
2017-06-18,2.0,2.6666666666666665,20.0,12.0,5.666666666666667
2017-06-25,2.0,1.3333333333333333,18.0,10.333333333333334,7.0
2017-07-02,2.3333333333333335,1.3333333333333333,18.666666666666668,8.0,7.333333333333333
2017-07-09,1.3333333333333333,1.3333333333333333,19.333333333333332,6.666666666666667,6.333333333333333
2017-07-16,0.6666666666666666,2.3333333333333335,18.666666666666668,5.666666666666667,4.666666666666667
2017-07-23,1.0,2.3333333333333335,19.666666666666668,6.333333333333333,5.666666666666667
2017-07-30,1.6666666666666667,3.3333333333333335,21.666666666666668,4.666666666666667,9.0
2017-08-06,2.0,4.333333333333333,29.0,6.333333333333333,10.0
2017-08-13,2.3333333333333335,7.333333333333333,35.0,8.333333333333334,8.666666666666666
2017-08-20,2.3333333333333335,8.666666666666666,37.0,11.0,8.0
2017-08-27,2.3333333333333335,8.666666666666666,48.333333333333336,11.333333333333334,9.666666666666666
2017-09-03,1.6666666666666667,7.0,48.666666666666664,13.0,11.0
2017-09-10,1.3333333333333333,6.333333333333333,54.666666666666664,19.333333333333332,11.666666666666666
2017-09-17,2.0,5.333333333333333,58.0,22.666666666666668,12.333333333333334
2017-09-24,2.0,4.666666666666667,60.666666666666664,24.666666666666668,12.666666666666666
2017-10-01,2.6666666666666665,4.0,57.666666666666664,19.333333333333332,12.666666666666666
2017-10-08,1.6666666666666667,6.0,46.0,16.333333333333332,10.333333333333334
2017-10-15,2.3333333333333335,7.333333333333333,52.333333333333336,18.666666666666668,8.333333333333334
2017-10-22,2.0,8.666666666666666,54.333333333333336,17.666666666666668,10.333333333333334
2017-10-29,2.0,6.666666666666667,56.333333333333336,19.333333333333332,12.0
2017-11-05,2.3333333333333335,6.333333333333333,56.0,16.333333333333332,16.333333333333332
2017-11-12,2.3333333333333335,11.0,57.0,19.0,18.666666666666668
2017-11-19,3.0,13.333333333333334,64.33333333333333,21.666666666666668,20.0
2017-11-26,3.3333333333333335,13.333333333333334,58.666666666666664,25.333333333333332,24.0
2017-12-03,3.0,12.0,65.66666666666667,32.0,23.666666666666668
2017-12-10,2.0,11.333333333333334,64.0,35.333333333333336,27.0
2017-12-17,1.0,9.666666666666666,68.33333333333333,34.666666666666664,22.333333333333332
2017-12-24,2.0,6.333333333333333,57.666666666666664,29.666666666666668,16.333333333333332
2017-12-31,3.0,8.0,59.333333333333336,27.666666666666668,17.0
2018-01-07,3.6666666666666665,8.666666666666666,60.0,33.0,19.0
2018-01-14,2.3333333333333335,8.666666666666666,69.33333333333333,34.333333333333336,28.0
2018-01-21,3.0,10.666666666666666,69.33333333333333,33.666666666666664,30.0
2018-01-28,3.0,14.666666666666666,69.66666666666667,30.666666666666668,34.333333333333336
2018-02-04,5.0,17.0,61.333333333333336,31.333333333333332,29.0
2018-02-11,4.0,16.0,48.666666666666664,29.666666666666668,24.666666666666668
2018-02-18,4.0,16.333333333333332,37.0,26.333333333333332,18.0
2018-02-25,4.666666666666667,17.666666666666668,35.333333333333336,22.0,18.0
2018-03-04,4.333333333333333,15.666666666666666,45.333333333333336,24.333333333333332,18.0
2018-03-11,3.6666666666666665,16.333333333333332,54.666666666666664,21.666666666666668,19.666666666666668
2018-03-18,1.3333333333333333,16.666666666666668,54.0,23.0,21.333333333333332
2018-03-25,1.3333333333333333,18.666666666666668,50.0,19.666666666666668,18.333333333333332
2018-04-01,2.0,20.0,55.0,25.333333333333332,18.0
2018-04-08,3.3333333333333335,19.666666666666668,77.0,26.333333333333332,17.333333333333332
2018-04-15,4.0,19.666666666666668,87.66666666666667,29.333333333333332,19.0
2018-04-22,3.0,15.0,89.66666666666667,26.0,19.666666666666668
2018-04-29,1.3333333333333333,10.333333333333334,80.33333333333333,23.0,22.0
2018-05-06,1.3333333333333333,8.666666666666666,75.66666666666667,22.0,21.666666666666668
2018-05-13,1.0,7.333333333333333,62.333333333333336,19.666666666666668,16.666666666666668
2018-05-20,1.3333333333333333,6.0,46.666666666666664,16.666666666666668,9.333333333333334
2018-05-27,0.6666666666666666,2.6666666666666665,32.666666666666664,10.666666666666666,5.333333333333333
2018-06-03,1.0,1.0,26.0,8.0,3.6666666666666665
2018-06-10,0.6666666666666666,0.6666666666666666,22.0,6.666666666666667,2.6666666666666665
2018-06-17,0.3333333333333333,1.6666666666666667,23.0,8.0,5.333333333333333
2018-06-24,0.0,2.0,30.333333333333332,8.0,7.0
2018-07-01,0.0,2.6666666666666665,38.333333333333336,9.666666666666666,8.0
2018-07-08,0.0,1.6666666666666667,41.666666666666664,8.0,7.0
2018-07-15,0.0,2.3333333333333335,37.666666666666664,9.333333333333334,7.333333333333333
2018-07-22,0.0,2.3333333333333335,30.0,8.666666666666666,6.333333333333333
2018-07-29,0.3333333333333333,3.3333333333333335,26.333333333333332,7.333333333333333,5.0
2018-08-05,1.3333333333333333,3.3333333333333335,24.0,3.6666666666666665,3.6666666666666665
2018-08-12,1.3333333333333333,3.3333333333333335,26.0,3.0,4.0
2018-08-19,1.0,2.0,21.666666666666668,2.3333333333333335,2.6666666666666665
2018-08-26,0.0,1.3333333333333333,21.666666666666668,4.0,2.6666666666666665
2018-09-02,0.0,1.6666666666666667,18.0,4.333333333333333,3.3333333333333335
2018-09-09,0.6666666666666666,2.3333333333333335,20.666666666666668,6.333333333333333,5.333333333333333
2018-09-16,0.6666666666666666,2.3333333333333335,26.333333333333332,6.0,5.666666666666667
2018-09-23,1.0,1.6666666666666667,26.666666666666668,8.0,7.0
2018-09-30,0.3333333333333333,2.3333333333333335,30.666666666666668,7.666666666666667,7.333333333333333
2018-10-07,0.3333333333333333,2.0,27.0,7.0,6.666666666666667
2018-10-14,1.3333333333333333,4.666666666666667,35.0,5.666666666666667,6.333333333333333
2018-10-21,1.6666666666666667,6.333333333333333,44.0,5.666666666666667,5.666666666666667
2018-10-28,2.3333333333333335,9.666666666666666,52.0,8.0,8.0
2018-11-04,1.3333333333333333,9.333333333333334,60.666666666666664,8.0,10.333333333333334
2018-11-11,1.6666666666666667,9.666666666666666,60.666666666666664,8.333333333333334,13.0
2018-11-18,1.6666666666666667,10.0,58.666666666666664,7.333333333333333,13.333333333333334
2018-11-25,2.0,9.0,53.666666666666664,10.333333333333334,12.333333333333334
2018-12-02,1.3333333333333333,9.666666666666666,56.0,11.666666666666666,12.0
2018-12-09,2.0,7.0,58.666666666666664,12.666666666666666,11.0
2018-12-16,1.6666666666666667,9.0,59.333333333333336,12.333333333333334,8.333333333333334
2018-12-23,2.3333333333333335,6.666666666666667,50.333333333333336,10.0,5.0
2018-12-30,1.6666666666666667,7.333333333333333,60.0,12.666666666666666,13.333333333333334
2019-01-06,2.3333333333333335,8.333333333333334,60.0,14.666666666666666,15.666666666666666
2019-01-13,3.6666666666666665,16.333333333333332,71.0,22.0,18.666666666666668
2019-01-20,5.333333333333333,27.666666666666668,66.66666666666667,28.0,13.0
2019-01-27,7.333333333333333,33.0,76.0,35.666666666666664,15.0
2019-02-03,6.333333333333333,33.333333333333336,87.0,47.0,17.333333333333332
2019-02-10,6.0,31.0,99.33333333333333,66.0,18.666666666666668
2019-02-17,4.333333333333333,33.0,110.0,85.66666666666667,20.333333333333332
2019-02-24,4.333333333333333,33.333333333333336,117.33333333333333,105.66666666666667,20.666666666666668
2019-03-03,2.6666666666666665,32.666666666666664,120.66666666666667,121.66666666666667,24.666666666666668
2019-03-10,2.6666666666666665,33.666666666666664,146.66666666666666,138.0,55.333333333333336
2019-03-17,3.0,35.666666666666664,205.66666666666666,174.0,116.33333333333333
2019-03-24,6.333333333333333,41.666666666666664,307.0,212.0,152.0
2019-03-31,9.666666666666666,47.0,420.6666666666667,255.33333333333334,168.0
2019-04-07,13.666666666666666,56.333333333333336,503.3333333333333,311.0,176.66666666666666
2019-04-14,12.333333333333334,56.0,596.0,369.6666666666667,221.66666666666666
2019-04-21,12.333333333333334,58.333333333333336,690.0,402.0,248.0
2019-04-28,11.333333333333334,58.0,805.3333333333334,403.0,294.6666666666667
2019-05-05,13.666666666666666,60.666666666666664,933.3333333333334,405.0,325.0
2019-05-12,11.0,57.666666666666664,996.0,405.3333333333333,350.6666666666667
2019-05-19,12.0,46.0,966.3333333333334,357.3333333333333,284.6666666666667
2019-05-26,11.0,36.333333333333336,839.6666666666666,272.3333333333333,212.33333333333334
2019-06-02,11.666666666666666,24.666666666666668,712.0,195.0,150.0
2019-06-09,8.666666666666666,21.666666666666668,618.6666666666666,156.33333333333334,134.66666666666666
2019-06-16,7.333333333333333,16.333333333333332,516.6666666666666,133.33333333333334,112.33333333333333
2019-06-23,7.333333333333333,14.0,423.0,111.66666666666667,92.33333333333333
2019-06-30,6.0,11.666666666666666,303.0,81.0,69.66666666666667
2019-07-07,4.333333333333333,11.333333333333334,214.66666666666666,55.0,51.0
2019-07-14,2.3333333333333335,11.0,133.66666666666666,35.333333333333336,31.333333333333332
2019-07-21,3.0,9.666666666666666,102.33333333333333,30.666666666666668,15.333333333333334
2019-07-28,3.3333333333333335,8.333333333333334,81.33333333333333,26.0,11.333333333333334
2019-08-04,4.333333333333333,6.666666666666667,69.33333333333333,26.333333333333332,11.666666666666666
2019-08-11,4.333333333333333,6.666666666666667,67.33333333333333,24.666666666666668,13.0
2019-08-18,4.666666666666667,7.333333333333333,72.0,24.333333333333332,14.0
2019-08-25,4.0,7.666666666666667,83.0,25.333333333333332,14.666666666666666
2019-09-01,3.0,9.666666666666666,83.66666666666667,22.0,12.666666666666666
2019-09-08,2.6666666666666665,12.0,88.0,23.333333333333332,10.333333333333334
2019-09-15,2.6666666666666665,16.0,82.66666666666667,23.333333333333332,10.0
2019-09-22,2.3333333333333335,17.666666666666668,95.66666666666667,26.333333333333332,10.0
2019-09-29,2.6666666666666665,18.666666666666668,106.33333333333333,27.333333333333332,8.333333333333334
2019-10-06,3.3333333333333335,19.0,122.66666666666667,28.333333333333332,5.666666666666667
2019-10-13,6.0,19.333333333333332,137.66666666666666,32.666666666666664,5.666666666666667
2019-10-20,6.333333333333333,20.666666666666668,157.66666666666666,34.0,7.666666666666667
2019-10-27,8.0,19.0,169.0,34.0,8.0
2019-11-03,7.0,20.0,175.0,38.0,10.666666666666666
2019-11-10,8.0,21.333333333333332,169.0,39.666666666666664,11.333333333333334
2019-11-17,7.333333333333333,27.666666666666668,181.0,46.0,18.666666666666668
2019-11-24,7.0,26.333333333333332,181.66666666666666,43.666666666666664,26.0
2019-12-01,5.0,23.333333333333332,185.33333333333334,49.666666666666664,32.0
2019-12-08,4.0,18.666666666666668,182.0,56.333333333333336,45.0
2019-12-15,2.6666666666666665,14.666666666666666,177.66666666666666,61.666666666666664,50.666666666666664
2019-12-22,3.0,11.666666666666666,157.0,54.0,58.0
2019-12-29,2.3333333333333335,7.666666666666667,142.0,50.333333333333336,80.0
2020-01-05,5.0,9.666666666666666,172.33333333333334,64.33333333333333,169.66666666666666
2020-01-12,7.666666666666667,10.666666666666666,248.66666666666666,116.33333333333333,288.6666666666667
2020-01-19,9.666666666666666,17.0,381.0,210.0,453.6666666666667
2020-01-26,9.666666666666666,24.333333333333332,555.0,305.6666666666667,589.6666666666666
2020-02-02,15.0,37.666666666666664,809.0,437.6666666666667,790.0
2020-02-09,33.0,61.0,1279.0,671.0,1089.0
2020-02-16,50.666666666666664,86.33333333333333,1735.0,897.3333333333334,1370.6666666666667
2020-02-23,64.66666666666667,131.0,2328.6666666666665,1149.6666666666667,1601.6666666666667
2020-03-01,77.66666666666667,185.66666666666666,2839.6666666666665,1445.6666666666667,1739.3333333333333
2020-03-08,94.66666666666667,257.3333333333333,3229.0,1770.0,1852.3333333333333
2020-03-15,103.33333333333333,303.0,3078.3333333333335,1847.6666666666667,1822.3333333333333
2020-03-22,88.33333333333333,321.0,2567.3333333333335,1784.3333333333333,1666.6666666666667
2020-03-29,72.33333333333333,335.6666666666667,2019.3333333333333,1764.3333333333333,1483.6666666666667
2020-04-05,54.0,345.3333333333333,1612.0,1866.6666666666667,1340.3333333333333
2020-04-12,53.0,327.3333333333333,1262.3333333333333,1738.6666666666667,1165.6666666666667
2020-04-19,49.666666666666664,287.6666666666667,978.0,1446.6666666666667,941.6666666666666
2020-04-26,49.333333333333336,243.66666666666666,828.0,1148.0,741.3333333333334
2020-05-03,39.666666666666664,220.66666666666666,736.3333333333334,962.3333333333334,587.3333333333334
2020-05-10,26.333333333333332,183.66666666666666,603.6666666666666,801.3333333333334,466.0
2020-05-17,18.0,137.0,453.6666666666667,634.0,328.6666666666667
2020-05-24,14.666666666666666,94.33333333333333,309.0,472.0,203.33333333333334
2020-05-31,12.0,59.666666666666664,212.66666666666666,326.0,121.33333333333333
2020-06-07,10.666666666666666,49.0,161.33333333333334,224.0,85.0
2020-06-14,10.0,47.333333333333336,174.33333333333334,172.0,67.66666666666667
2020-06-21,11.333333333333334,49.0,179.66666666666666,144.0,52.666666666666664
2020-06-28,10.0,43.0,149.0,101.33333333333333,37.333333333333336
2020-07-05,11.333333333333334,31.333333333333332,97.66666666666667,61.666666666666664,22.666666666666668
2020-07-12,11.333333333333334,26.333333333333332,74.33333333333333,41.666666666666664,12.666666666666666
2020-07-19,14.0,23.666666666666668,75.66666666666667,40.0,11.666666666666666
2020-07-26,11.0,18.0,77.66666666666667,48.0,9.666666666666666
2020-08-02,10.0,16.333333333333332,77.66666666666667,54.666666666666664,10.0
2020-08-09,7.333333333333333,13.666666666666666,73.33333333333333,55.666666666666664,10.666666666666666
2020-08-16,5.0,16.333333333333332,66.0,48.0,13.333333333333334
2020-08-23,6.0,13.0,67.66666666666667,44.666666666666664,15.0
2020-08-30,5.0,11.666666666666666,75.0,52.666666666666664,17.666666666666668
2020-09-06,5.0,10.666666666666666,85.33333333333333,66.0,18.666666666666668
2020-09-13,3.6666666666666665,9.333333333333334,93.66666666666667,77.66666666666667,24.333333333333332
2020-09-20,3.0,10.0,111.66666666666667,72.0,28.333333333333332
2020-09-27,5.666666666666667,12.666666666666666,131.0,71.0,33.0
2020-10-04,6.333333333333333,14.333333333333334,146.0,69.33333333333333,32.0
2020-10-11,7.0,15.666666666666666,149.0,76.66666666666667,28.666666666666668
2020-10-18,7.0,13.0,175.66666666666666,78.0,25.666666666666668
2020-10-25,7.0,13.666666666666666,200.66666666666666,77.66666666666667,25.666666666666668
2020-11-01,8.666666666666666,12.0,228.33333333333334,85.0,26.666666666666668
2020-11-08,7.666666666666667,14.0,245.66666666666666,92.0,26.666666666666668
2020-11-15,7.333333333333333,16.333333333333332,281.0,109.66666666666667,30.0
2020-11-22,6.0,21.0,324.6666666666667,118.33333333333333,38.0
2020-11-29,5.0,22.0,336.0,122.0,43.666666666666664
2020-12-06,3.3333333333333335,20.333333333333332,345.6666666666667,115.66666666666667,46.0
2020-12-13,3.6666666666666665,18.666666666666668,326.3333333333333,95.66666666666667,37.333333333333336
2020-12-20,3.3333333333333335,16.666666666666668,301.6666666666667,81.0,29.333333333333332
2020-12-27,3.3333333333333335,14.666666666666666,238.66666666666666,59.0,20.666666666666668
2021-01-03,3.0,18.0,239.66666666666666,67.33333333333333,29.666666666666668
2021-01-10,6.666666666666667,16.0,275.6666666666667,75.33333333333333,43.333333333333336
2021-01-17,7.333333333333333,16.333333333333332,344.0,85.66666666666667,55.333333333333336
2021-01-24,7.666666666666667,12.333333333333334,357.6666666666667,84.66666666666667,65.0
2021-01-31,6.333333333333333,17.333333333333332,397.3333333333333,95.33333333333333,76.33333333333333
2021-02-07,8.0,23.333333333333332,457.6666666666667,108.0,86.33333333333333
2021-02-14,7.666666666666667,25.0,580.0,121.66666666666667,95.33333333333333
2021-02-21,7.333333333333333,23.666666666666668,607.6666666666666,122.66666666666667,109.0
2021-02-28,5.0,21.0,608.3333333333334,116.33333333333333,143.33333333333334
2021-03-07,4.666666666666667,24.0,547.6666666666666,105.33333333333333,188.33333333333334
2021-03-14,3.0,27.0,522.0,105.33333333333333,216.0
2021-03-21,3.0,32.333333333333336,487.6666666666667,107.33333333333333,218.33333333333334
2021-03-28,4.333333333333333,34.0,495.3333333333333,119.66666666666667,216.66666666666666
2021-04-04,6.0,44.666666666666664,553.3333333333334,136.66666666666666,236.33333333333334
2021-04-11,6.333333333333333,45.0,614.0,153.66666666666666,242.66666666666666
2021-04-18,4.333333333333333,49.333333333333336,660.6666666666666,153.33333333333334,250.33333333333334
2021-04-25,3.0,47.333333333333336,656.6666666666666,142.66666666666666,223.0
2021-05-02,2.3333333333333335,49.0,592.0,125.66666666666667,193.33333333333334
2021-05-09,2.3333333333333335,44.666666666666664,487.3333333333333,112.0,153.0
2021-05-16,1.6666666666666667,38.333333333333336,387.0,92.33333333333333,123.66666666666667
2021-05-23,2.0,32.0,314.3333333333333,79.33333333333333,98.66666666666667
2021-05-30,3.3333333333333335,30.666666666666668,253.66666666666666,62.666666666666664,69.0
2021-06-06,3.0,26.333333333333332,196.33333333333334,54.333333333333336,45.666666666666664
2021-06-13,2.0,24.333333333333332,170.66666666666666,42.333333333333336,37.666666666666664
2021-06-20,1.3333333333333333,18.333333333333332,144.33333333333334,36.333333333333336,27.666666666666668
2021-06-27,1.0,16.333333333333332,120.0,22.0,20.666666666666668
2021-07-04,1.3333333333333333,16.0,101.33333333333333,20.0,17.0
2021-07-11,1.0,17.0,86.66666666666667,20.333333333333332,14.666666666666666
2021-07-18,2.3333333333333335,14.666666666666666,81.0,20.0,12.666666666666666
2021-07-25,3.0,11.333333333333334,70.66666666666667,15.333333333333334,9.0
2021-08-01,3.3333333333333335,8.333333333333334,81.0,17.333333333333332,9.333333333333334
2021-08-08,2.0,10.333333333333334,89.0,22.333333333333332,10.666666666666666
2021-08-15,1.0,12.0,112.33333333333333,32.666666666666664,12.666666666666666
2021-08-22,0.0,13.0,109.66666666666667,29.333333333333332,12.666666666666666
2021-08-29,1.6666666666666667,10.333333333333334,115.33333333333333,29.333333333333332,13.666666666666666
2021-09-05,2.6666666666666665,8.333333333333334,112.33333333333333,23.333333333333332,14.333333333333334
2021-09-12,4.666666666666667,8.666666666666666,123.0,21.666666666666668,14.333333333333334
2021-09-19,4.333333333333333,10.0,141.0,18.333333333333332,14.666666666666666
2021-09-26,5.666666666666667,12.666666666666666,142.0,18.333333333333332,16.333333333333332
2021-10-03,5.666666666666667,16.666666666666668,146.33333333333334,18.333333333333332,13.333333333333334
2021-10-10,6.666666666666667,20.0,166.66666666666666,19.0,13.0
2021-10-17,7.0,24.0,187.33333333333334,20.0,12.333333333333334
2021-10-24,6.333333333333333,25.0,183.66666666666666,23.333333333333332,14.0
2021-10-31,6.333333333333333,23.333333333333332,143.66666666666666,24.0,15.333333333333334
2021-11-07,5.333333333333333,21.0,124.33333333333333,24.0,15.666666666666666
2021-11-14,5.333333333333333,17.666666666666668,118.0,25.666666666666668,18.666666666666668
2021-11-21,5.333333333333333,21.0,123.66666666666667,26.0,18.333333333333332
2021-11-28,5.0,26.333333333333332,124.0,21.666666666666668,17.333333333333332
2021-12-05,5.333333333333333,29.333333333333332,131.0,21.0,18.666666666666668
2021-12-12,6.666666666666667,28.333333333333332,132.66666666666666,22.333333333333332,15.666666666666666
2021-12-19,10.666666666666666,21.0,126.33333333333333,29.0,15.666666666666666
2021-12-26,12.0,18.0,120.33333333333333,28.0,8.666666666666666
2022-01-02,14.666666666666666,29.333333333333332,145.66666666666666,39.666666666666664,21.0
2022-01-09,14.333333333333334,41.666666666666664,167.33333333333334,50.0,33.333333333333336
2022-01-16,15.333333333333334,53.0,187.0,74.66666666666667,53.0
2022-01-23,13.0,51.333333333333336,158.66666666666666,73.33333333333333,50.0
2022-01-30,13.666666666666666,60.0,142.66666666666666,74.33333333333333,49.333333333333336
2022-02-06,25.333333333333332,83.33333333333333,131.66666666666666,77.33333333333333,49.0
2022-02-13,67.0,127.33333333333333,174.33333333333334,104.0,72.66666666666667
2022-02-20,136.66666666666666,213.66666666666666,253.66666666666666,145.0,128.0
2022-02-27,246.66666666666666,398.3333333333333,410.0,299.6666666666667,236.33333333333334
2022-03-06,414.6666666666667,894.0,608.3333333333334,533.6666666666666,419.6666666666667
2022-03-13,585.6666666666666,1506.3333333333333,854.0,882.0,656.0
2022-03-20,806.3333333333334,2123.6666666666665,1107.0,1300.6666666666667,973.0
2022-03-27,939.6666666666666,2538.0,1254.6666666666667,1789.0,1358.3333333333333
2022-04-03,1059.6666666666667,2947.0,1289.3333333333333,2136.0,1629.3333333333333
2022-04-10,1004.3333333333334,3200.6666666666665,1243.0,2321.6666666666665,1897.6666666666667
2022-04-17,954.6666666666666,3317.3333333333335,1335.0,2511.3333333333335,2135.6666666666665
2022-04-24,840.6666666666666,3244.6666666666665,1448.6666666666667,2722.6666666666665,2339.6666666666665
2022-05-01,789.0,3211.0,1660.3333333333333,2890.0,2434.6666666666665
2022-05-08,669.3333333333334,2892.6666666666665,1824.0,2742.3333333333335,2207.3333333333335
2022-05-15,531.3333333333334,2394.3333333333335,1839.3333333333333,2227.3333333333335,1845.6666666666667
2022-05-22,372.0,1735.0,1666.3333333333333,1651.3333333333333,1297.0
2022-05-29,233.66666666666666,1213.3333333333333,1301.6666666666667,1088.6666666666667,840.3333333333334
2022-06-05,137.0,777.0,1037.6666666666667,816.3333333333334,536.0
2022-06-12,67.33333333333333,448.6666666666667,807.0,583.6666666666666,360.6666666666667
2022-06-19,40.666666666666664,260.3333333333333,712.0,481.0,280.6666666666667
2022-06-26,36.333333333333336,186.33333333333334,649.0,402.6666666666667,223.66666666666666
2022-07-03,39.0,159.66666666666666,640.0,351.0,177.33333333333334
2022-07-10,35.333333333333336,137.33333333333334,556.0,275.6666666666667,134.0
2022-07-17,31.0,115.0,489.3333333333333,242.0,102.33333333333333
2022-07-24,30.333333333333332,100.33333333333333,394.0,193.33333333333334,92.33333333333333
2022-07-31,30.666666666666668,94.0,348.0,176.33333333333334,81.0
2022-08-07,29.333333333333332,90.66666666666667,297.3333333333333,152.0,75.0
2022-08-14,23.0,74.0,270.6666666666667,139.66666666666666,70.33333333333333
2022-08-21,19.0,56.666666666666664,265.0,129.0,60.333333333333336
2022-08-28,15.666666666666666,43.666666666666664,251.0,120.33333333333333,47.666666666666664
2022-09-04,16.666666666666668,40.333333333333336,235.66666666666666,108.0,35.0
2022-09-11,20.666666666666668,36.333333333333336,209.66666666666666,91.33333333333333,30.666666666666668
2022-09-18,23.333333333333332,35.0,204.0,74.33333333333333,25.333333333333332
2022-09-25,22.0,38.666666666666664,195.0,76.0,23.0
2022-10-02,16.333333333333332,39.333333333333336,197.66666666666666,83.0,20.333333333333332
2022-10-09,15.333333333333334,42.333333333333336,184.66666666666666,92.33333333333333,24.666666666666668
2022-10-16,17.666666666666668,44.0,214.33333333333334,95.66666666666667,26.666666666666668
2022-10-23,22.0,52.333333333333336,252.66666666666666,107.66666666666667,32.333333333333336
2022-10-30,21.666666666666668,52.0,295.0,117.33333333333333,32.0
2022-11-06,24.0,65.0,334.6666666666667,126.66666666666667,33.666666666666664
2022-11-13,22.333333333333332,78.0,381.6666666666667,135.33333333333334,37.0
2022-11-20,31.333333333333332,111.0,449.0,165.0,50.333333333333336
2022-11-27,31.666666666666668,123.66666666666667,477.6666666666667,196.66666666666666,70.0
2022-12-04,37.333333333333336,148.66666666666666,461.0,208.66666666666666,83.33333333333333
2022-12-11,32.333333333333336,150.33333333333334,438.3333333333333,206.0,86.0
2022-12-18,32.0,126.66666666666667,367.3333333333333,168.33333333333334,76.0
2022-12-25,31.666666666666668,89.0,319.3333333333333,158.0,57.333333333333336
2023-01-01,30.333333333333332,55.666666666666664,267.6666666666667,150.33333333333334,53.0
2023-01-08,29.333333333333332,52.333333333333336,272.0,168.66666666666666,50.666666666666664
2023-01-15,26.333333333333332,52.0,287.6666666666667,167.0,57.333333333333336
2023-01-22,28.666666666666668,59.333333333333336,343.3333333333333,163.66666666666666,58.0
2023-01-29,31.0,67.33333333333333,414.6666666666667,168.33333333333334,58.333333333333336
2023-02-05,38.333333333333336,83.0,605.6666666666666,185.66666666666666,64.66666666666667
2023-02-12,37.666666666666664,92.66666666666667,920.6666666666666,186.33333333333334,69.33333333333333
2023-02-19,41.666666666666664,100.33333333333333,1333.3333333333333,186.0,83.0
2023-02-26,46.666666666666664,131.66666666666666,1864.6666666666667,202.66666666666666,117.66666666666667
2023-03-05,68.0,198.66666666666666,2576.3333333333335,265.6666666666667,154.33333333333334
2023-03-12,96.0,292.0,3450.6666666666665,387.0,222.0
2023-03-19,138.66666666666666,415.3333333333333,4666.0,547.3333333333334,312.6666666666667
2023-03-26,200.0,543.0,5567.333333333333,697.6666666666666,434.6666666666667
2023-04-02,233.66666666666666,652.3333333333334,5950.333333333333,725.0,505.0
2023-04-09,234.33333333333334,788.6666666666666,5945.0,731.3333333333334,602.6666666666666
2023-04-16,191.33333333333334,820.6666666666666,5488.333333333333,705.6666666666666,629.6666666666666
2023-04-23,162.33333333333334,777.0,4944.666666666667,705.6666666666666,660.6666666666666
2023-04-30,163.0,696.3333333333334,4201.333333333333,674.0,641.3333333333334
2023-05-07,165.33333333333334,707.0,3763.0,648.6666666666666,656.6666666666666
2023-05-14,160.33333333333334,733.0,3338.3333333333335,658.0,630.6666666666666
2023-05-21,123.33333333333333,619.3333333333334,2635.6666666666665,586.0,542.3333333333334
2023-05-28,89.0,457.0,1896.6666666666667,484.6666666666667,428.0
2023-06-04,59.333333333333336,306.0,1336.6666666666667,350.6666666666667,353.6666666666667
2023-06-11,41.0,224.0,929.6666666666666,255.0,274.6666666666667
2023-06-18,27.333333333333332,152.0,617.6666666666666,190.33333333333334,205.0
2023-06-25,21.0,129.33333333333334,449.0,162.66666666666666,148.66666666666666
2023-07-02,18.333333333333332,111.66666666666667,383.3333333333333,154.33333333333334,130.0
2023-07-09,18.333333333333332,97.0,334.6666666666667,138.33333333333334,108.0
2023-07-16,14.333333333333334,76.66666666666667,264.3333333333333,119.33333333333333,84.33333333333333
2023-07-23,10.666666666666666,63.0,213.66666666666666,112.33333333333333,67.66666666666667
2023-07-30,10.333333333333334,59.666666666666664,216.66666666666666,114.33333333333333,67.0
2023-08-06,11.0,53.333333333333336,215.33333333333334,115.33333333333333,69.0
2023-08-13,12.666666666666666,48.333333333333336,225.0,99.66666666666667,72.33333333333333
2023-08-20,10.333333333333334,47.0,235.33333333333334,94.66666666666667,71.66666666666667
2023-08-27,9.0,38.333333333333336,263.6666666666667,82.0,70.66666666666667
2023-09-03,4.666666666666667,38.666666666666664,272.0,89.0,56.333333333333336
2023-09-10,6.666666666666667,35.0,270.3333333333333,87.33333333333333,67.66666666666667
2023-09-17,6.0,47.0,286.0,86.33333333333333,66.66666666666667
2023-09-24,8.666666666666666,59.0,306.6666666666667,81.0,82.0
2023-10-01,15.0,64.33333333333333,340.0,96.0,83.33333333333333
2023-10-08,16.333333333333332,57.0,332.6666666666667,114.33333333333333,92.33333333333333
2023-10-15,21.0,58.0,345.6666666666667,143.33333333333334,97.0
2023-10-22,17.0,62.666666666666664,305.3333333333333,136.33333333333334,90.33333333333333
2023-10-29,21.333333333333332,71.66666666666667,286.0,137.33333333333334,78.66666666666667
2023-11-05,24.0,68.0,279.3333333333333,153.66666666666666,76.66666666666667
2023-11-12,28.333333333333332,72.66666666666667,292.3333333333333,181.33333333333334,82.33333333333333
2023-11-19,34.333333333333336,89.33333333333333,325.3333333333333,207.0,98.66666666666667
2023-11-26,30.0,97.33333333333333,337.6666666666667,195.66666666666666,112.66666666666667
2023-12-03,28.333333333333332,109.0,356.0,200.0,117.66666666666667
2023-12-10,22.0,119.0,366.0,206.33333333333334,126.66666666666667
2023-12-17,17.0,135.66666666666666,336.6666666666667,193.66666666666666,120.66666666666667
2023-12-24,11.666666666666666,139.33333333333334,309.0,177.0,119.66666666666667
2023-12-31,17.333333333333332,177.0,307.3333333333333,226.0,165.66666666666666
2024-01-07,29.666666666666668,234.66666666666666,344.0,395.3333333333333,258.6666666666667
2024-01-14,40.0,366.3333333333333,411.3333333333333,730.3333333333334,409.0
2024-01-21,52.0,567.6666666666666,502.6666666666667,1162.3333333333333,566.3333333333334
2024-01-28,81.33333333333333,839.6666666666666,601.0,1632.0,762.6666666666666
2024-02-04,139.0,1131.0,724.3333333333334,2136.0,934.3333333333334
2024-02-11,228.66666666666666,1649.6666666666667,881.3333333333334,2884.6666666666665,1257.6666666666667
2024-02-18,363.3333333333333,2434.0,1175.0,3901.0,1710.6666666666667
2024-02-25,491.3333333333333,3110.0,1396.6666666666667,4677.666666666667,2176.3333333333335
2024-03-03,653.3333333333334,3762.6666666666665,1611.3333333333333,5444.0,2594.6666666666665
2024-03-10,874.0,4355.333333333333,1750.0,6008.0,2796.3333333333335
2024-03-17,1172.3333333333333,5296.666666666667,1996.3333333333333,6490.333333333333,2945.3333333333335
2024-03-24,1427.0,6056.0,2196.3333333333335,6391.666666666667,2853.6666666666665
2024-03-31,1716.0,6618.333333333333,2427.3333333333335,6011.0,2885.3333333333335
2024-04-07,1845.6666666666667,6660.333333333333,2677.3333333333335,5597.666666666667,2899.3333333333335
2024-04-14,2007.6666666666667,6599.0,2903.3333333333335,5200.0,3108.0
2024-04-21,1836.0,5657.666666666667,2936.0,4416.666666666667,3073.0
2024-04-28,1725.3333333333333,4837.0,3030.3333333333335,3771.3333333333335,3171.0
2024-05-05,1596.0,4023.3333333333335,3230.3333333333335,3269.3333333333335,3152.3333333333335
2024-05-12,1558.6666666666667,3627.6666666666665,3240.0,3075.6666666666665,2999.0
2024-05-19,1295.6666666666667,2842.3333333333335,2693.6666666666665,2515.6666666666665,2425.0
2024-05-26,867.0,1786.0,1859.3333333333333,1745.6666666666667,1628.6666666666667
2024-06-02,482.6666666666667,1004.3333333333334,1249.0,1081.6666666666667,1037.0
2024-06-09,326.0,690.0,1071.6666666666667,834.0,796.3333333333334
2024-06-16,256.3333333333333,561.3333333333334,957.3333333333334,759.3333333333334,710.3333333333334
2024-06-23,203.66666666666666,467.0,792.3333333333334,654.0,604.6666666666666
2024-06-30,134.0,324.3333333333333,535.3333333333334,471.3333333333333,421.6666666666667
2024-07-07,82.0,186.0,333.3333333333333,286.6666666666667,253.66666666666666
2024-07-14,52.666666666666664,103.33333333333333,240.66666666666666,191.66666666666666,162.0
2024-07-21,35.0,64.0,213.33333333333334,141.66666666666666,110.0
2024-07-28,30.666666666666668,70.33333333333333,227.66666666666666,141.0,103.33333333333333
2024-08-04,25.0,63.666666666666664,236.0,137.66666666666666,100.66666666666667
2024-08-11,24.0,68.33333333333333,231.66666666666666,135.66666666666666,106.66666666666667
2024-08-18,23.0,61.0,236.33333333333334,140.33333333333334,132.33333333333334
2024-08-25,23.333333333333332,74.33333333333333,240.33333333333334,148.66666666666666,155.66666666666666
2024-09-01,23.333333333333332,64.33333333333333,241.33333333333334,170.33333333333334,191.33333333333334
2024-09-08,22.0,66.33333333333333,271.3333333333333,191.0,193.66666666666666
2024-09-15,27.0,56.666666666666664,287.6666666666667,202.0,202.0
2024-09-22,26.666666666666668,55.666666666666664,302.0,202.66666666666666,192.66666666666666
2024-09-29,31.333333333333332,65.33333333333333,289.6666666666667,225.0,195.0
2024-10-06,31.666666666666668,78.66666666666667,286.3333333333333,234.66666666666666,178.66666666666666
2024-10-13,35.666666666666664,99.33333333333333,296.6666666666667,237.66666666666666,168.0
2024-10-20,41.0,109.33333333333333,309.3333333333333,229.0,164.33333333333334
2024-10-27,47.0,125.33333333333333,343.6666666666667,233.0,178.33333333333334
2024-11-03,46.333333333333336,130.33333333333334,356.0,230.0,187.66666666666666
2024-11-10,43.333333333333336,119.33333333333333,347.3333333333333,222.33333333333334,193.66666666666666
2024-11-17,39.666666666666664,112.66666666666667,335.6666666666667,226.33333333333334,198.33333333333334
2024-11-24,40.666666666666664,102.33333333333333,319.3333333333333,231.0,201.66666666666666
2024-12-01,41.666666666666664,108.0,335.0,252.33333333333334,206.33333333333334
2024-12-08,34.666666666666664,94.33333333333333,316.0,270.0,192.66666666666666
2024-12-15,34.333333333333336,87.66666666666667,299.6666666666667,281.6666666666667,178.66666666666666
2024-12-22,33.0,68.66666666666667,249.66666666666666,273.6666666666667,162.33333333333334
2024-12-29,39.0,68.66666666666667,221.33333333333334,271.6666666666667,145.66666666666666
2025-01-05,39.0,72.33333333333333,226.66666666666666,277.3333333333333,153.0
2025-01-12,31.0,67.66666666666667,223.0,222.33333333333334,137.33333333333334
